   1:			;***********************************************************
   2:			;
   3:			;               SARGON
   4:			;
   5:			;       Sargon is a computer chess playing program designed
   6:			; and coded by Dan and Kathe Spracklen.  Copyright 1978. All
   7:			; rights reserved.  No part of this publication may be
   8:			; reproduced without the prior written permission.
   9:			;***********************************************************
  10:			
  11:			
  12:			;***********************************************************
  13:			; EQUATES
  14:			;***********************************************************
  15:			;
  16:	0001          	PAWN    EQU     1
  17:	0002          	KNIGHT  EQU     2
  18:	0003          	BISHOP  EQU     3
  19:	0004          	ROOK    EQU     4
  20:	0005          	QUEEN   EQU     5
  21:	0006          	KING    EQU     6
  22:	0000          	WHITE   EQU     0
  23:	0080          	BLACK   EQU     80H
  24:	0081          	BPAWN   EQU     BLACK+PAWN
  25:			
  26:			;***********************************************************
  27:			; TABLES SECTION
  28:			;***********************************************************
  29:	0000          	START:
  30:	0080          	        ORG     START+80H
  31:	0100          	TBASE   EQU     START+100H
  32:			;There are multiple tables used for fast table look ups
  33:			;that are declared relative to TBASE. In each case there
  34:			;is a table (say DIRECT) and one or more variables that
  35:			;index into the table (say INDX2). The table is declared
  36:			;as a relative offset from the TBASE like this;
  37:			;
  38:			;DIRECT = .-TBASE  ;In this . is the current location
  39:			;                  ;($ rather than . is used in most assemblers)
  40:			;
  41:			;The index variable is declared as;
  42:			;INDX2    .WORD TBASE
  43:			;
  44:			;TBASE itself is page aligned, for example TBASE = 100h
  45:			;Although 2 bytes are allocated for INDX2 the most significant
  46:			;never changes (so in our example it's 01h). If we want
  47:			;to index 5 bytes into DIRECT we set the low byte of INDX2
  48:			;to 5 (now INDX2 = 105h) and load IDX2 into an index
  49:			;register. The following sequence loads register C with
  50:			;the 5th byte of the DIRECT table (Z80 mnemonics)
  51:			;        LD      A,5
  52:			;        LD      [INDX2],A
  53:			;        LD      IY,INDX2
  54:			;        LD      C,[IY+DIRECT]
  55:			;
  56:			;It's a bit like the little known C trick where array[5]
  57:			;can also be written as 5[array].
  58:			;
  59:			;The Z80 indexed addressing mode uses a signed 8 bit
  60:			;displacement offset (here DIRECT) in the range -128
  61:			;to 127. Sargon needs most of this range, which explains
  62:			;why DIRECT is allocated 80h bytes after start and 80h
  63:			;bytes *before* TBASE, this arrangement sets the DIRECT
  64:			;displacement to be -80h bytes (-128 bytes). After the 24
  65:			;byte DIRECT table comes the DPOINT table. So the DPOINT
  66:			;displacement is -128 + 24 = -104. The final tables have
  67:			;positive displacements.
  68:			;
  69:			;The negative displacements are not necessary in X86 where
  70:			;the equivalent mov reg,[di+offset] indexed addressing
  71:			;is not limited to 8 bit offsets, so in the X86 port we
  72:			;put the first table DIRECT at the same address as TBASE,
  73:			;a more natural arrangement I am sure you'll agree.
  74:			;
  75:			;In general it seems Sargon doesn't want memory allocated
  76:			;in the first page of memory, so we start TBASE at 100h not
  77:			;at 0h. One reason is that Sargon extensively uses a trick
  78:			;to test for a NULL pointer; it tests whether the hi byte of
  79:			;a pointer == 0 considers this as a equivalent to testing
  80:			;whether the whole pointer == 0 (works as long as pointers
  81:			;never point to page 0).
  82:			;
  83:			;Also there is an apparent bug in Sargon, such that MLPTRJ
  84:			;is left at 0 for the root node and the MLVAL for that root
  85:			;node is therefore written to memory at offset 5 from 0 (so
  86:			;in page 0). It's a bit wasteful to waste a whole 256 byte
  87:			;page for this, but it is compatible with the goal of making
  88:			;as few changes as possible to the inner heart of Sargon.
  89:			;In the X86 port we lock the uninitialised MLPTRJ bug down
  90:			;so MLPTRJ is always set to zero and rendering the bug
  91:			;harmless (search for MLPTRJ to find the relevant code).
  92:			
  93:			;**********************************************************
  94:			; DIRECT  --  Direction Table.  Used to determine the dir-
  95:			;             ection of movement of each piece.
  96:			;***********************************************************
  97:	FF80          	DIRECT  EQU     $-TBASE
  98:	0080  090BF5F7	        DB      +09,+11,-11,-09
  99:	0084  0AF601FF	        DB      +10,-10,+01,-01
 100:	0088  EBF40813	        DB      -21,-12,+08,+19
 101:	008C  150CF8ED	        DB      +21,+12,-08,-19
 102:	0090  0A0A0B09	        DB      +10,+10,+11,+09
 103:	0094  F6F6F5F7	        DB      -10,-10,-11,-09
 104:			;***********************************************************
 105:			; DPOINT  --  Direction Table Pointer. Used to determine
 106:			;             where to begin in the direction table for any
 107:			;             given piece.
 108:			;***********************************************************
 109:	FF98          	DPOINT  EQU     $-TBASE
 110:	0098  14100800	        DB      20,16,8,0,4,0,0
	      040000
 111:			
 112:			;***********************************************************
 113:			; DCOUNT  --  Direction Table Counter. Used to determine
 114:			;             the number of directions of movement for any
 115:			;             given piece.
 116:			;***********************************************************
 117:	FF9F          	DCOUNT  EQU     $-TBASE
 118:	009F  04040804	        DB      4,4,8,4,4,8,8
	      040808
 119:			
 120:			;***********************************************************
 121:			; PVALUE  --  Point Value. Gives the point value of each
 122:			;             piece, or the worth of each piece.
 123:			;***********************************************************
 124:	FFA5          	PVALUE  EQU     $-TBASE-1
 125:	00A6  01030305	        DB      1,3,3,5,9,10
	      090A
 126:			
 127:			;***********************************************************
 128:			; PIECES  --  The initial arrangement of the first rank of
 129:			;             pieces on the board. Use to set up the board
 130:			;             for the start of the game.
 131:			;***********************************************************
 132:	FFAC          	PIECES  EQU     $-TBASE
 133:	00AC  04020305	        DB      4,2,3,5,6,3,2,4
	      06030204
 134:			
 135:			;***********************************************************
 136:			; BOARD   --  Board Array.  Used to hold the current position
 137:			;             of the board during play. The board itself
 138:			;             looks like:
 139:			;             FFFFFFFFFFFFFFFFFFFF
 140:			;             FFFFFFFFFFFFFFFFFFFF
 141:			;             FF0402030506030204FF
 142:			;             FF0101010101010101FF
 143:			;             FF0000000000000000FF
 144:			;             FF0000000000000000FF
 145:			;             FF0000000000000060FF
 146:			;             FF0000000000000000FF
 147:			;             FF8181818181818181FF
 148:			;             FF8482838586838284FF
 149:			;             FFFFFFFFFFFFFFFFFFFF
 150:			;             FFFFFFFFFFFFFFFFFFFF
 151:			;             The values of FF form the border of the
 152:			;             board, and are used to indicate when a piece
 153:			;             moves off the board. The individual bits of
 154:			;             the other bytes in the board array are as
 155:			;             follows:
 156:			;             Bit 7 -- Color of the piece
 157:			;                     1 -- Black
 158:			;                     0 -- White
 159:			;             Bit 6 -- Not used
 160:			;             Bit 5 -- Not used
 161:			;             Bit 4 --Castle flag for Kings only
 162:			;             Bit 3 -- Piece has moved flag
 163:			;             Bits 2-0 Piece type
 164:			;                     1 -- Pawn
 165:			;                     2 -- Knight
 166:			;                     3 -- Bishop
 167:			;                     4 -- Rook
 168:			;                     5 -- Queen
 169:			;                     6 -- King
 170:			;                     7 -- Not used
 171:			;                     0 -- Empty Square
 172:			;***********************************************************
 173:	FFB4          	BOARD   EQU     $-TBASE
 174:	00B4          	BOARDA  DS      120
 175:			
 176:			;***********************************************************
 177:			; ATKLIST -- Attack List. A two part array, the first
 178:			;            half for white and the second half for black.
 179:			;            It is used to hold the attackers of any given
 180:			;            square in the order of their value.
 181:			;
 182:			; WACT   --  White Attack Count. This is the first
 183:			;            byte of the array and tells how many pieces are
 184:			;            in the white portion of the attack list.
 185:			;
 186:			; BACT   --  Black Attack Count. This is the eighth byte of
 187:			;            the array and does the same for black.
 188:			;***********************************************************
 189:	012C          	WACT    EQU     ATKLST
 190:	0133          	BACT    EQU     ATKLST+7
 191:	012C  00000000	ATKLST  DW      0,0,0,0,0,0,0
	      00000000
	      00000000
	      0000
 192:			
 193:			;***********************************************************
 194:			; PLIST   --  Pinned Piece Array. This is a two part array.
 195:			;             PLISTA contains the pinned piece position.
 196:			;             PLISTD contains the direction from the pinned
 197:			;             piece to the attacker.
 198:			;***********************************************************
 199:	0039          	PLIST   EQU     $-TBASE-1
 200:	0043          	PLISTD  EQU     PLIST+10
 201:	013A  00000000	PLISTA  DW      0,0,0,0,0,0,0,0,0,0
	      00000000
	      00000000
	      00000000
	      00000000
 202:			
 203:			;***********************************************************
 204:			; POSK    --  Position of Kings. A two byte area, the first
 205:			;             byte of which hold the position of the white
 206:			;             king and the second holding the position of
 207:			;             the black king.
 208:			;
 209:			; POSQ    --  Position of Queens. Like POSK,but for queens.
 210:			;***********************************************************
 211:	014E  185F    	POSK    DB      24,95
 212:	0150  0E5E    	POSQ    DB      14,94
 213:	0152  FF      	        DB      -1
 214:			
 215:			;***********************************************************
 216:			; SCORE   --  Score Array. Used during Alpha-Beta pruning to
 217:			;             hold the scores at each ply. It includes two
 218:			;             "dummy" entries for ply -1 and ply 0.
 219:			;***********************************************************
 220:	0153  00000000	SCORE   DW      0,0,0,0,0,0     ;Z80 max 6 ply
	      00000000
	      00000000
 221:			
 222:			;***********************************************************
 223:			; PLYIX   --  Ply Table. Contains pairs of pointers, a pair
 224:			;             for each ply. The first pointer points to the
 225:			;             top of the list of possible moves at that ply.
 226:			;             The second pointer points to which move in the
 227:			;             list is the one currently being considered.
 228:			;***********************************************************
 229:	015F  00000000	PLYIX   DW      0,0,0,0,0,0,0,0,0,0
	      00000000
	      00000000
	      00000000
	      00000000
 230:	0173  00000000	        DW      0,0,0,0,0,0,0,0,0,0
	      00000000
	      00000000
	      00000000
	      00000000
 231:			
 232:			;***********************************************************
 233:			; STACK   --  Contains the stack for the program.
 234:			;***********************************************************
 235:	02FF          	        ORG     START+2FFH
 236:	02FF          	STACK:
 237:			
 238:			;***********************************************************
 239:			; TABLE INDICES SECTION
 240:			;
 241:			; M1-M4   --  Working indices used to index into
 242:			;             the board array.
 243:			;
 244:			; T1-T3   --  Working indices used to index into Direction
 245:			;             Count, Direction Value, and Piece Value tables.
 246:			;
 247:			; INDX1   --  General working indices. Used for various
 248:			; INDX2       purposes.
 249:			;
 250:			; NPINS   --  Number of Pins. Count and pointer into the
 251:			;             pinned piece list.
 252:			;
 253:			; MLPTRI  --  Pointer into the ply table which tells
 254:			;             which pair of pointers are in current use.
 255:			;
 256:			; MLPTRJ  --  Pointer into the move list to the move that is
 257:			;             currently being processed.
 258:			;
 259:			; SCRIX   --  Score Index. Pointer to the score table for
 260:			;             the ply being examined.
 261:			;
 262:			; BESTM   --  Pointer into the move list for the move that
 263:			;             is currently considered the best by the
 264:			;             Alpha-Beta pruning process.
 265:			;
 266:			; MLLST   --  Pointer to the previous move placed in the move
 267:			;             list. Used during generation of the move list.
 268:			;
 269:			; MLNXT   --  Pointer to the next available space in the move
 270:			;             list.
 271:			;
 272:			;***********************************************************
 273:	0000          	        ORG     START+0
 274:	0000  0001    	M1      DW      TBASE
 275:	0002  0001    	M2      DW      TBASE
 276:	0004  0001    	M3      DW      TBASE
 277:	0006  0001    	M4      DW      TBASE
 278:	0008  0001    	T1      DW      TBASE
 279:	000A  0001    	T2      DW      TBASE
 280:	000C  0001    	T3      DW      TBASE
 281:	000E  0001    	INDX1   DW      TBASE
 282:	0010  0001    	INDX2   DW      TBASE
 283:	0012  0001    	NPINS   DW      TBASE
 284:	0014  5F01    	MLPTRI  DW      PLYIX
 285:	0016  0000    	MLPTRJ  DW      0
 286:	0018  0000    	SCRIX   DW      0
 287:	001A  0000    	BESTM   DW      0
 288:	001C  0000    	MLLST   DW      0
 289:	001E  0003    	MLNXT   DW      MLIST
 290:			
 291:			;***********************************************************
 292:			; VARIABLES SECTION
 293:			;
 294:			; KOLOR   --  Indicates computer's color. White is 0, and
 295:			;             Black is 80H.
 296:			;
 297:			; COLOR   --  Indicates color of the side with the move.
 298:			;
 299:			; P1-P3   --  Working area to hold the contents of the board
 300:			;             array for a given square.
 301:			;
 302:			; PMATE   --  The move number at which a checkmate is
 303:			;             discovered during look ahead.
 304:			;
 305:			; MOVENO  --  Current move number.
 306:			;
 307:			; PLYMAX  --  Maximum depth of search using Alpha-Beta
 308:			;             pruning.
 309:			;
 310:			; NPLY    --  Current ply number during Alpha-Beta
 311:			;             pruning.
 312:			;
 313:			; CKFLG   --  A non-zero value indicates the king is in check.
 314:			;
 315:			; MATEF   --  A zero value indicates no legal moves.
 316:			;
 317:			; VALM    --  The score of the current move being examined.
 318:			;
 319:			; BRDC    --  A measure of mobility equal to the total number
 320:			;             of squares white can move to minus the number
 321:			;             black can move to.
 322:			;
 323:			; PTSL    --  The maximum number of points which could be lost
 324:			;             through an exchange by the player not on the
 325:			;             move.
 326:			;
 327:			; PTSW1   --  The maximum number of points which could be won
 328:			;             through an exchange by the player not on the
 329:			;             move.
 330:			;
 331:			; PTSW2   --  The second highest number of points which could
 332:			;             be won through a different exchange by the player
 333:			;             not on the move.
 334:			;
 335:			; MTRL    --  A measure of the difference in material
 336:			;             currently on the board. It is the total value of
 337:			;             the white pieces minus the total value of the
 338:			;             black pieces.
 339:			;
 340:			; BC0     --  The value of board control(BRDC) at ply 0.
 341:			;
 342:			; MV0     --  The value of material(MTRL) at ply 0.
 343:			;
 344:			; PTSCK   --  A non-zero value indicates that the piece has
 345:			;             just moved itself into a losing exchange of
 346:			;             material.
 347:			;
 348:			; BMOVES  --  Our very tiny book of openings. Determines
 349:			;             the first move for the computer.
 350:			;
 351:			;***********************************************************
 352:	0020  00      	KOLOR   DB      0
 353:	0021  00      	COLOR   DB      0
 354:	0022  00      	P1      DB      0
 355:	0023  00      	P2      DB      0
 356:	0024  00      	P3      DB      0
 357:	0025  00      	PMATE   DB      0
 358:	0026  00      	MOVENO  DB      0
 359:	0027  02      	PLYMAX  DB      2
 360:	0028  00      	NPLY    DB      0
 361:	0029  00      	CKFLG   DB      0
 362:	002A  00      	MATEF   DB      0
 363:	002B  00      	VALM    DB      0
 364:	002C  00      	BRDC    DB      0
 365:	002D  00      	PTSL    DB      0
 366:	002E  00      	PTSW1   DB      0
 367:	002F  00      	PTSW2   DB      0
 368:	0030  00      	MTRL    DB      0
 369:	0031  00      	BC0     DB      0
 370:	0032  00      	MV0     DB      0
 371:	0033  00      	PTSCK   DB      0
 372:	0034  233710  	BMOVES  DB      35,55,10H
 373:	0037  223610  	        DB      34,54,10H
 374:	003A  554110  	        DB      85,65,10H
 375:	003D  544010  	        DB      84,64,10H
 376:			
 377:			;***********************************************************
 378:			; MOVE LIST SECTION
 379:			;
 380:			; MLIST   --  A 2048 byte storage area for generated moves.
 381:			;             This area must be large enough to hold all
 382:			;             the moves for a single leg of the move tree.
 383:			;
 384:			; MLEND   --  The address of the last available location
 385:			;             in the move list.
 386:			;
 387:			; MLPTR   --  The Move List is a linked list of individual
 388:			;             moves each of which is 6 bytes in length. The
 389:			;             move list pointer(MLPTR) is the link field
 390:			;             within a move.
 391:			;
 392:			; MLFRP   --  The field in the move entry which gives the
 393:			;             board position from which the piece is moving.
 394:			;
 395:			; MLTOP   --  The field in the move entry which gives the
 396:			;             board position to which the piece is moving.
 397:			;
 398:			; MLFLG   --  A field in the move entry which contains flag
 399:			;             information. The meaning of each bit is as
 400:			;             follows:
 401:			;             Bit 7  --  The color of any captured piece
 402:			;                        0 -- White
 403:			;                        1 -- Black
 404:			;             Bit 6  --  Double move flag (set for castling and
 405:			;                        en passant pawn captures)
 406:			;             Bit 5  --  Pawn Promotion flag; set when pawn
 407:			;                        promotes.
 408:			;             Bit 4  --  When set, this flag indicates that
 409:			;                        this is the first move for the
 410:			;                        piece on the move.
 411:			;             Bit 3  --  This flag is set is there is a piece
 412:			;                        captured, and that piece has moved at
 413:			;                        least once.
 414:			;             Bits 2-0   Describe the captured piece.  A
 415:			;                        zero value indicates no capture.
 416:			;
 417:			; MLVAL   --  The field in the move entry which contains the
 418:			;             score assigned to the move.
 419:			;
 420:			;***********************************************************
 421:	0300          	        ORG     START+300H
 422:	0300          	MLIST   DS      2048
 423:	0AF8          	MLEND   EQU     MLIST+2040
 424:	0000          	MLPTR   EQU     0
 425:	0002          	MLFRP   EQU     2
 426:	0003          	MLTOP   EQU     3
 427:	0004          	MLFLG   EQU     4
 428:	0005          	MLVAL   EQU     5
 429:			
 430:			;***********************************************************
 431:			
 432:			;**********************************************************
 433:			; PROGRAM CODE SECTION
 434:			;**********************************************************
 435:			
 436:			;**********************************************************
 437:			; BOARD SETUP ROUTINE
 438:			;***********************************************************
 439:			; FUNCTION:   To initialize the board array, setting the
 440:			;             pieces in their initial positions for the
 441:			;             start of the game.
 442:			;
 443:			; CALLED BY:  DRIVER
 444:			;
 445:			; CALLS:      None
 446:			;
 447:			; ARGUMENTS:  None
 448:			;***********************************************************
 449:	0B00  0678    	INITBD: LD      b,120           ; Pre-fill board with -1's
 450:	0B02  21B400  	        LD      hl,BOARDA
 451:	0B05  36FF    	back01: LD      (hl),-1
 452:	0B07  23      	        INC     hl
 453:	0B08  10FB    	        DJNZ    back01
 454:	0B0A  0608    	        LD      b,8
 455:	0B0C  DD21B400	        LD      ix,BOARDA
 456:	0B10  DD7EF8  	IB2:    LD      a,(ix-8)        ; Fill non-border squares
 457:	0B13  DD7715  	        LD      (ix+21),a       ; White pieces
 458:	0B16  CBFF    	        SET     7,a             ; Change to black
 459:	0B18  DD775B  	        LD      (ix+91),a       ; Black pieces
 460:	0B1B  DD361F01	        LD      (ix+31),PAWN    ; White Pawns
 461:	0B1F  DD365181	        LD      (ix+81),BPAWN   ; Black Pawns
 462:	0B23  DD362900	        LD      (ix+41),0       ; Empty squares
 463:	0B27  DD363300	        LD      (ix+51),0
 464:	0B2B  DD363D00	        LD      (ix+61),0
 465:	0B2F  DD364700	        LD      (ix+71),0
 466:	0B33  DD23    	        INC     ix
 467:	0B35  10D9    	        DJNZ    IB2
 468:	0B37  DD214E01	        LD      ix,POSK         ; Init King/Queen position list
 469:	0B3B  DD360019	        LD      (ix+0),25
 470:	0B3F  DD36015F	        LD      (ix+1),95
 471:	0B43  DD360218	        LD      (ix+2),24
 472:	0B47  DD36035E	        LD      (ix+3),94
 473:	0B4B  C9      	        RET
 474:			
 475:			;***********************************************************
 476:			; PATH ROUTINE
 477:			;***********************************************************
 478:			; FUNCTION:   To generate a single possible move for a given
 479:			;             piece along its current path of motion including:
 480:			
 481:			;                Fetching the contents of the board at the new
 482:			;                position, and setting a flag describing the
 483:			;                contents:
 484:			;                          0  --  New position is empty
 485:			;                          1  --  Encountered a piece of the
 486:			;                                 opposite color
 487:			;                          2  --  Encountered a piece of the
 488:			;                                 same color
 489:			;                          3  --  New position is off the
 490:			;                                 board
 491:			;
 492:			; CALLED BY:  MPIECE
 493:			;             ATTACK
 494:			;             PINFND
 495:			;
 496:			; CALLS:      None
 497:			;
 498:			; ARGUMENTS:  Direction from the direction array giving the
 499:			;             constant to be added for the new position.
 500:			;***********************************************************
 501:	0B4C  210200  	PATH:   LD      hl,M2           ; Get previous position
 502:	0B4F  7E      	        LD      a,(hl)
 503:	0B50  81      	        ADD     a,c             ; Add direction constant
 504:	0B51  77      	        LD      (hl),a          ; Save new position
 505:	0B52  DD2A0200	        LD      ix,(M2)         ; Load board index
 506:	0B56  DD7EB4  	        LD      a,(ix+BOARD)    ; Get contents of board
 507:	0B59  FEFF    	        CP      -1              ; In border area ?
 508:	0B5B  281A    	        JR      Z,PA2           ; Yes - jump
 509:	0B5D  322300  	        LD      (P2),a          ; Save piece
 510:	0B60  E607    	        AND     7               ; Clear flags
 511:	0B62  320A00  	        LD      (T2),a          ; Save piece type
 512:	0B65  C8      	        RET     Z               ; Return if empty
 513:	0B66  3A2300  	        LD      a,(P2)          ; Get piece encountered
 514:	0B69  212200  	        LD      hl,P1           ; Get moving piece address
 515:	0B6C  AE      	        XOR     (hl)            ; Compare
 516:	0B6D  CB7F    	        BIT     7,a             ; Do colors match ?
 517:	0B6F  2803    	        JR      Z,PA1           ; Yes - jump
 518:	0B71  3E01    	        LD      a,1             ; Set different color flag
 519:	0B73  C9      	        RET                     ; Return
 520:	0B74  3E02    	PA1:    LD      a,2             ; Set same color flag
 521:	0B76  C9      	        RET                     ; Return
 522:	0B77  3E03    	PA2:    LD      a,3             ; Set off board flag
 523:	0B79  C9      	        RET                     ; Return
 524:			
 525:			;***********************************************************
 526:			; PIECE MOVER ROUTINE
 527:			;***********************************************************
 528:			; FUNCTION:   To generate all the possible legal moves for a
 529:			;             given piece.
 530:			;
 531:			; CALLED BY:  GENMOV
 532:			;
 533:			; CALLS:      PATH
 534:			;             ADMOVE
 535:			;             CASTLE
 536:			;             ENPSNT
 537:			;
 538:			; ARGUMENTS:  The piece to be moved.
 539:			;***********************************************************
 540:	0B7A  AE      	MPIECE: XOR     (hl)            ; Piece to move
 541:	0B7B  E687    	        AND     87H             ; Clear flag bit
 542:	0B7D  FE81    	        CP      BPAWN           ; Is it a black Pawn ?
 543:	0B7F  2001    	        JR      NZ,rel001       ; No-Skip
 544:	0B81  3D      	        DEC     a               ; Decrement for black Pawns
 545:	0B82  E607    	rel001: AND     7               ; Get piece type
 546:	0B84  320800  	        LD      (T1),a          ; Save piece type
 547:	0B87  FD2A0800	        LD      iy,(T1)         ; Load index to DCOUNT/DPOINT
 548:	0B8B  FD469F  	        LD      b,(iy+DCOUNT)   ; Get direction count
 549:	0B8E  FD7E98  	        LD      a,(iy+DPOINT)   ; Get direction pointer
 550:	0B91  321000  	        LD      (INDX2),a       ; Save as index to direct
 551:	0B94  FD2A1000	        LD      iy,(INDX2)      ; Load index
 552:	0B98  FD4E80  	MP5:    LD      c,(iy+DIRECT)   ; Get move direction
 553:	0B9B  3A0000  	        LD      a,(M1)          ; From position
 554:	0B9E  320200  	        LD      (M2),a          ; Initialize to position
 555:	0BA1  CD4C0B  	MP10:   CALL    PATH            ; Calculate next position
 556:	0BA4  FE02    	        CP      2               ; Ready for new direction ?
 557:	0BA6  301A    	        JR      NC,MP15         ; Yes - Jump
 558:	0BA8  A7      	        AND     a               ; Test for empty square
 559:	0BA9  08      	        EX      af,af'          ; Save result
 560:	0BAA  3A0800  	        LD      a,(T1)          ; Get piece moved
 561:	0BAD  FE02    	        CP      PAWN+1          ; Is it a Pawn ?
 562:	0BAF  381E    	        JR      C,MP20          ; Yes - Jump
 563:	0BB1  CD100D  	        CALL    ADMOVE          ; Add move to list
 564:	0BB4  08      	        EX      af,af'          ; Empty square ?
 565:	0BB5  200B    	        JR      NZ,MP15         ; No - Jump
 566:	0BB7  3A0800  	        LD      a,(T1)          ; Piece type
 567:	0BBA  FE06    	        CP      KING            ; King ?
 568:	0BBC  2804    	        JR      Z,MP15          ; Yes - Jump
 569:	0BBE  FE03    	        CP      BISHOP          ; Bishop, Rook, or Queen ?
 570:	0BC0  30DF    	        JR      NC,MP10         ; Yes - Jump
 571:	0BC2  FD23    	MP15:   INC     iy              ; Increment direction index
 572:	0BC4  10D2    	        DJNZ    MP5             ; Decr. count-jump if non-zerc
 573:	0BC6  3A0800  	        LD      a,(T1)          ; Piece type
 574:	0BC9  FE06    	        CP      KING            ; King ?
 575:	0BCB  CC920C  	        CALL    Z,CASTLE        ; Yes - Try Castling
 576:	0BCE  C9      	        RET                     ; Return
 577:			; ***** PAWN LOGIC *****
 578:	0BCF  78      	MP20:   LD      a,b             ; Counter for direction
 579:	0BD0  FE03    	        CP      3               ; On diagonal moves ?
 580:	0BD2  382E    	        JR      C,MP35          ; Yes - Jump
 581:	0BD4  2823    	        JR      Z,MP30          ; -or-jump if on 2 square move
 582:	0BD6  08      	        EX      af,af'          ; Is forward square empty?
 583:	0BD7  20E9    	        JR      NZ,MP15         ; No - jump
 584:	0BD9  3A0200  	        LD      a,(M2)          ; Get "to" position
 585:	0BDC  FE5B    	        CP      91              ; Promote white Pawn ?
 586:	0BDE  3004    	        JR      NC,MP25         ; Yes - Jump
 587:	0BE0  FE1D    	        CP      29              ; Promote black Pawn ?
 588:	0BE2  3005    	        JR      NC,MP26         ; No - Jump
 589:	0BE4  212300  	MP25:   LD      hl,P2           ; Flag address
 590:	0BE7  CBEE    	        SET     5,(hl)          ; Set promote flag
 591:	0BE9  CD100D  	MP26:   CALL    ADMOVE          ; Add to move list
 592:	0BEC  FD23    	        INC     iy              ; Adjust to two square move
 593:	0BEE  05      	        DEC     b
 594:	0BEF  212200  	        LD      hl,P1           ; Check Pawn moved flag
 595:	0BF2  CB5E    	        BIT     3,(hl)          ; Has it moved before ?
 596:	0BF4  28AB    	        JR      Z,MP10          ; No - Jump
 597:	0BF6  C3C20B  	        JP      MP15            ; Jump
 598:	0BF9  08      	MP30:   EX      af,af'          ; Is forward square empty ?
 599:	0BFA  20C6    	        JR      NZ,MP15         ; No - Jump
 600:	0BFC  CD100D  	MP31:   CALL    ADMOVE          ; Add to move list
 601:	0BFF  C3C20B  	        JP      MP15            ; Jump
 602:	0C02  08      	MP35:   EX      af,af'          ; Is diagonal square empty ?
 603:	0C03  2812    	        JR      Z,MP36          ; Yes - Jump
 604:	0C05  3A0200  	        LD      a,(M2)          ; Get "to" position
 605:	0C08  FE5B    	        CP      91              ; Promote white Pawn ?
 606:	0C0A  3004    	        JR      NC,MP37         ; Yes - Jump
 607:	0C0C  FE1D    	        CP      29              ; Black Pawn promotion ?
 608:	0C0E  30EC    	        JR      NC,MP31         ; No- Jump
 609:	0C10  212300  	MP37:   LD      hl,P2           ; Get flag address
 610:	0C13  CBEE    	        SET     5,(hl)          ; Set promote flag
 611:	0C15  18E5    	        JR      MP31            ; Jump
 612:	0C17  CD1D0C  	MP36:   CALL    ENPSNT          ; Try en passant capture
 613:	0C1A  C3C20B  	        JP      MP15            ; Jump
 614:			
 615:			;***********************************************************
 616:			; EN PASSANT ROUTINE
 617:			;***********************************************************
 618:			; FUNCTION:   --  To test for en passant Pawn capture and
 619:			;                 to add it to the move list if it is
 620:			;                 legal.
 621:			;
 622:			; CALLED BY:  --  MPIECE
 623:			;
 624:			; CALLS:      --  ADMOVE
 625:			;                 ADJPTR
 626:			;
 627:			; ARGUMENTS:  --  None
 628:			;***********************************************************
 629:	0C1D  3A0000  	ENPSNT: LD      a,(M1)          ; Set position of Pawn
 630:	0C20  212200  	        LD      hl,P1           ; Check color
 631:	0C23  CB7E    	        BIT     7,(hl)          ; Is it white ?
 632:	0C25  2802    	        JR      Z,rel002        ; Yes - skip
 633:	0C27  C60A    	        ADD     a,10            ; Add 10 for black
 634:	0C29  FE3D    	rel002: CP      61              ; On en passant capture rank ?
 635:	0C2B  D8      	        RET     C               ; No - return
 636:	0C2C  FE45    	        CP      69              ; On en passant capture rank ?
 637:	0C2E  D0      	        RET     NC              ; No - return
 638:	0C2F  DD2A1600	        LD      ix,(MLPTRJ)     ; Get pointer to previous move
 639:	0C33  DDCB0466	        BIT     4,(ix+MLFLG)    ; First move for that piece ?
 640:	0C37  C8      	        RET     Z               ; No - return
 641:	0C38  DD7E03  	        LD      a,(ix+MLTOP)    ; Get "to" position
 642:	0C3B  320600  	        LD      (M4),a          ; Store as index to board
 643:	0C3E  DD2A0600	        LD      ix,(M4)         ; Load board index
 644:	0C42  DD7EB4  	        LD      a,(ix+BOARD)    ; Get piece moved
 645:	0C45  322400  	        LD      (P3),a          ; Save it
 646:	0C48  E607    	        AND     7               ; Get piece type
 647:	0C4A  FE01    	        CP      PAWN            ; Is it a Pawn ?
 648:	0C4C  C0      	        RET     NZ              ; No - return
 649:	0C4D  3A0600  	        LD      a,(M4)          ; Get "to" position
 650:	0C50  210200  	        LD      hl,M2           ; Get present "to" position
 651:	0C53  96      	        SUB     (hl)            ; Find difference
 652:	0C54  F2590C  	        JP      P,rel003        ; Positive ? Yes - Jump
 653:	0C57  ED44    	        NEG                     ; Else take absolute value
 654:	0C59  FE0A    	rel003: CP      10              ; Is difference 10 ?
 655:	0C5B  C0      	        RET     NZ              ; No - return
 656:	0C5C  212300  	        LD      hl,P2           ; Address of flags
 657:	0C5F  CBF6    	        SET     6,(hl)          ; Set double move flag
 658:	0C61  CD100D  	        CALL    ADMOVE          ; Add Pawn move to move list
 659:	0C64  3A0000  	        LD      a,(M1)          ; Save initial Pawn position
 660:	0C67  320400  	        LD      (M3),a
 661:	0C6A  3A0600  	        LD      a,(M4)          ; Set "from" and "to" positions
 662:			                                ; for dummy move
 663:	0C6D  320000  	        LD      (M1),a
 664:	0C70  320200  	        LD      (M2),a
 665:	0C73  3A2400  	        LD      a,(P3)          ; Save captured Pawn
 666:	0C76  322300  	        LD      (P2),a
 667:	0C79  CD100D  	        CALL    ADMOVE          ; Add Pawn capture to move list
 668:	0C7C  3A0400  	        LD      a,(M3)          ; Restore "from" position
 669:	0C7F  320000  	        LD      (M1),a
 670:			
 671:			;***********************************************************
 672:			; ADJUST MOVE LIST POINTER FOR DOUBLE MOVE
 673:			;***********************************************************
 674:			; FUNCTION:   --  To adjust move list pointer to link around
 675:			;                 second move in double move.
 676:			;
 677:			; CALLED BY:  --  ENPSNT
 678:			;                 CASTLE
 679:			;                 (This mini-routine is not really called,
 680:			;                 but is jumped to to save time.)
 681:			;
 682:			; CALLS:      --  None
 683:			;
 684:			; ARGUMENTS:  --  None
 685:			;***********************************************************
 686:	0C82  2A1C00  	ADJPTR: LD      hl,(MLLST)      ; Get list pointer
 687:	0C85  11FAFF  	        LD      de,-6           ; Size of a move entry
 688:	0C88  19      	        ADD     hl,de           ; Back up list pointer
 689:	0C89  221C00  	        LD      (MLLST),hl      ; Save list pointer
 690:	0C8C  3600    	        LD      (hl),0          ; Zero out link, first byte
 691:	0C8E  23      	        INC     hl              ; Next byte
 692:	0C8F  3600    	        LD      (hl),0          ; Zero out link, second byte
 693:	0C91  C9      	        RET                     ; Return
 694:			
 695:			;***********************************************************
 696:			; CASTLE ROUTINE
 697:			;***********************************************************
 698:			; FUNCTION:   --  To determine whether castling is legal
 699:			;                 (Queen side, King side, or both) and add it
 700:			;                 to the move list if it is.
 701:			;
 702:			; CALLED BY:  --  MPIECE
 703:			;
 704:			; CALLS:      --  ATTACK
 705:			;                 ADMOVE
 706:			;                 ADJPTR
 707:			;
 708:			; ARGUMENTS:  --  None
 709:			;***********************************************************
 710:	0C92  3A2200  	CASTLE: LD      a,(P1)          ; Get King
 711:	0C95  CB5F    	        BIT     3,a             ; Has it moved ?
 712:	0C97  C0      	        RET     NZ              ; Yes - return
 713:	0C98  3A2900  	        LD      a,(CKFLG)       ; Fetch Check Flag
 714:	0C9B  A7      	        AND     a               ; Is the King in check ?
 715:	0C9C  C0      	        RET     NZ              ; Yes - Return
 716:	0C9D  0103FF  	        LD      bc,0FF03H       ; Initialize King-side values
 717:	0CA0  3A0000  	CA5:    LD      a,(M1)          ; King position
 718:	0CA3  81      	        ADD     a,c             ; Rook position
 719:	0CA4  4F      	        LD      c,a             ; Save
 720:	0CA5  320400  	        LD      (M3),a          ; Store as board index
 721:	0CA8  DD2A0400	        LD      ix,(M3)         ; Load board index
 722:	0CAC  DD7EB4  	        LD      a,(ix+BOARD)    ; Get contents of board
 723:	0CAF  E67F    	        AND     7FH             ; Clear color bit
 724:	0CB1  FE04    	        CP      ROOK            ; Has Rook ever moved ?
 725:	0CB3  2051    	        JR      NZ,CA20         ; Yes - Jump
 726:	0CB5  79      	        LD      a,c             ; Restore Rook position
 727:	0CB6  181E    	        JR      CA15            ; Jump
 728:	0CB8  DD2A0400	CA10:   LD      ix,(M3)         ; Load board index
 729:	0CBC  DD7EB4  	        LD      a,(ix+BOARD)    ; Get contents of board
 730:	0CBF  A7      	        AND     a               ; Empty ?
 731:	0CC0  2044    	        JR      NZ,CA20         ; No - Jump
 732:	0CC2  3A0400  	        LD      a,(M3)          ; Current position
 733:	0CC5  FE16    	        CP      22              ; White Queen Knight square ?
 734:	0CC7  280D    	        JR      Z,CA15          ; Yes - Jump
 735:	0CC9  FE5C    	        CP      92              ; Black Queen Knight square ?
 736:	0CCB  2809    	        JR      Z,CA15          ; Yes - Jump
 737:	0CCD  CDB90D  	        CALL    ATTACK          ; Look for attack on square
 738:	0CD0  A7      	        AND     a               ; Any attackers ?
 739:	0CD1  2033    	        JR      NZ,CA20         ; Yes - Jump
 740:	0CD3  3A0400  	        LD      a,(M3)          ; Current position
 741:	0CD6  80      	CA15:   ADD     a,b             ; Next position
 742:	0CD7  320400  	        LD      (M3),a          ; Save as board index
 743:	0CDA  210000  	        LD      hl,M1           ; King position
 744:	0CDD  BE      	        CP      (hl)            ; Reached King ?
 745:	0CDE  20D8    	        JR      NZ,CA10         ; No - jump
 746:	0CE0  90      	        SUB     b               ; Determine King's position
 747:	0CE1  90      	        SUB     b
 748:	0CE2  320200  	        LD      (M2),a          ; Save it
 749:	0CE5  212300  	        LD      hl,P2           ; Address of flags
 750:	0CE8  3640    	        LD      (hl),40H        ; Set double move flag
 751:	0CEA  CD100D  	        CALL    ADMOVE          ; Put king move in list
 752:	0CED  210000  	        LD      hl,M1           ; Addr of King "from" position
 753:	0CF0  7E      	        LD      a,(hl)          ; Get King's "from" position
 754:	0CF1  71      	        LD      (hl),c          ; Store Rook "from" position
 755:	0CF2  90      	        SUB     b               ; Get Rook "to" position
 756:	0CF3  320200  	        LD      (M2),a          ; Store Rook "to" position
 757:	0CF6  AF      	        XOR     a               ; Zero
 758:	0CF7  322300  	        LD      (P2),a          ; Zero move flags
 759:	0CFA  CD100D  	        CALL    ADMOVE          ; Put Rook move in list
 760:	0CFD  CD820C  	        CALL    ADJPTR          ; Re-adjust move list pointer
 761:	0D00  3A0400  	        LD      a,(M3)          ; Restore King position
 762:	0D03  320000  	        LD      (M1),a          ; Store
 763:	0D06  78      	CA20:   LD      a,b             ; Scan Index
 764:	0D07  FE01    	        CP      1               ; Done ?
 765:	0D09  C8      	        RET     Z               ; Yes - return
 766:	0D0A  01FC01  	        LD      bc,01FCH        ; Set Queen-side initial values
 767:	0D0D  C3A00C  	        JP      CA5             ; Jump
 768:			
 769:			;***********************************************************
 770:			; ADMOVE ROUTINE
 771:			;***********************************************************
 772:			; FUNCTION:   --  To add a move to the move list
 773:			;
 774:			; CALLED BY:  --  MPIECE
 775:			;                 ENPSNT
 776:			;                 CASTLE
 777:			;
 778:			; CALLS:      --  None
 779:			;
 780:			; ARGUMENT:  --  None
 781:			;***********************************************************
 782:	0D10  ED5B1E00	ADMOVE: LD      de,(MLNXT)      ; Addr of next loc in move list
 783:	0D14  21F80A  	        LD      hl,MLEND        ; Address of list end
 784:	0D17  A7      	        AND     a               ; Clear carry flag
 785:	0D18  ED52    	        SBC     hl,de           ; Calculate difference
 786:	0D1A  3833    	        JR      C,AM10          ; Jump if out of space
 787:	0D1C  2A1C00  	        LD      hl,(MLLST)      ; Addr of prev. list area
 788:	0D1F  ED531C00	        LD      (MLLST),de      ; Save next as previous
 789:	0D23  73      	        LD      (hl),e          ; Store link address
 790:	0D24  23      	        INC     hl
 791:	0D25  72      	        LD      (hl),d
 792:	0D26  212200  	        LD      hl,P1           ; Address of moved piece
 793:	0D29  CB5E    	        BIT     3,(hl)          ; Has it moved before ?
 794:	0D2B  2005    	        JR      NZ,rel004       ; Yes - jump
 795:	0D2D  212300  	        LD      hl,P2           ; Address of move flags
 796:	0D30  CBE6    	        SET     4,(hl)          ; Set first move flag
 797:	0D32  EB      	rel004: EX      de,hl           ; Address of move area
 798:	0D33  3600    	        LD      (hl),0          ; Store zero in link address
 799:	0D35  23      	        INC     hl
 800:	0D36  3600    	        LD      (hl),0
 801:	0D38  23      	        INC     hl
 802:	0D39  3A0000  	        LD      a,(M1)          ; Store "from" move position
 803:	0D3C  77      	        LD      (hl),a
 804:	0D3D  23      	        INC     hl
 805:	0D3E  3A0200  	        LD      a,(M2)          ; Store "to" move position
 806:	0D41  77      	        LD      (hl),a
 807:	0D42  23      	        INC     hl
 808:	0D43  3A2300  	        LD      a,(P2)          ; Store move flags/capt. piece
 809:	0D46  77      	        LD      (hl),a
 810:	0D47  23      	        INC     hl
 811:	0D48  3600    	        LD      (hl),0          ; Store initial move value
 812:	0D4A  23      	        INC     hl
 813:	0D4B  221E00  	        LD      (MLNXT),hl      ; Save address for next move
 814:	0D4E  C9      	        RET                     ; Return
 815:	0D4F  3600    	AM10:   LD      (hl),0          ; Abort entry on table ovflow
 816:	0D51  23      	        INC     hl
 817:	0D52  3600    	        LD      (hl),0          ; TODO does this out of memory
 818:	0D54  2B      	        DEC     hl              ;      check actually work?
 819:	0D55  C9      	        RET
 820:			
 821:			;***********************************************************
 822:			; GENERATE MOVE ROUTINE
 823:			;***********************************************************
 824:			; FUNCTION:  --  To generate the move set for all of the
 825:			;                pieces of a given color.
 826:			;
 827:			; CALLED BY: --  FNDMOV
 828:			;
 829:			; CALLS:     --  MPIECE
 830:			;                INCHK
 831:			;
 832:			; ARGUMENTS: --  None
 833:			;***********************************************************
 834:	0D56  CD980D  	GENMOV: CALL    INCHK           ; Test for King in check
 835:	0D59  322900  	        LD      (CKFLG),a       ; Save attack count as flag
 836:	0D5C  ED5B1E00	        LD      de,(MLNXT)      ; Addr of next avail list space
 837:	0D60  2A1400  	        LD      hl,(MLPTRI)     ; Ply list pointer index
 838:	0D63  23      	        INC     hl              ; Increment to next ply
 839:	0D64  23      	        INC     hl
 840:	0D65  73      	        LD      (hl),e          ; Save move list pointer
 841:	0D66  23      	        INC     hl
 842:	0D67  72      	        LD      (hl),d
 843:	0D68  23      	        INC     hl
 844:	0D69  221400  	        LD      (MLPTRI),hl     ; Save new index
 845:	0D6C  221C00  	        LD      (MLLST),hl      ; Last pointer for chain init.
 846:	0D6F  3E15    	        LD      a,21            ; First position on board
 847:	0D71  320000  	GM5:    LD      (M1),a          ; Save as index
 848:	0D74  DD2A0000	        LD      ix,(M1)         ; Load board index
 849:	0D78  DD7EB4  	        LD      a,(ix+BOARD)    ; Fetch board contents
 850:	0D7B  A7      	        AND     a               ; Is it empty ?
 851:	0D7C  2810    	        JR      Z,GM10          ; Yes - Jump
 852:	0D7E  FEFF    	        CP      -1              ; Is it a border square ?
 853:	0D80  280C    	        JR      Z,GM10          ; Yes - Jump
 854:	0D82  322200  	        LD      (P1),a          ; Save piece
 855:	0D85  212100  	        LD      hl,COLOR        ; Address of color of piece
 856:	0D88  AE      	        XOR     (hl)            ; Test color of piece
 857:	0D89  CB7F    	        BIT     7,a             ; Match ?
 858:	0D8B  CC7A0B  	        CALL    Z,MPIECE        ; Yes - call Move Piece
 859:	0D8E  3A0000  	GM10:   LD      a,(M1)          ; Fetch current board position
 860:	0D91  3C      	        INC     a               ; Incr to next board position
 861:	0D92  FE63    	        CP      99              ; End of board array ?
 862:	0D94  C2710D  	        JP      NZ,GM5          ; No - Jump
 863:	0D97  C9      	        RET                     ; Return
 864:			
 865:			;***********************************************************
 866:			; CHECK ROUTINE
 867:			;***********************************************************
 868:			; FUNCTION:   --  To determine whether or not the
 869:			;                 King is in check.
 870:			;
 871:			; CALLED BY:  --  GENMOV
 872:			;                 FNDMOV
 873:			;                 EVAL
 874:			;
 875:			; CALLS:      --  ATTACK
 876:			;
 877:			; ARGUMENTS:  --  Color of King
 878:			;***********************************************************
 879:	0D98  3A2100  	INCHK:  LD      a,(COLOR)       ; Get color
 880:	0D9B  214E01  	INCHK1: LD      hl,POSK         ; Addr of white King position
 881:	0D9E  A7      	        AND     a               ; White ?
 882:	0D9F  2801    	        JR      Z,rel005        ; Yes - Skip
 883:	0DA1  23      	        INC     hl              ; Addr of black King position
 884:	0DA2  7E      	rel005: LD      a,(hl)          ; Fetch King position
 885:	0DA3  320400  	        LD      (M3),a          ; Save
 886:	0DA6  DD2A0400	        LD      ix,(M3)         ; Load board index
 887:	0DAA  DD7EB4  	        LD      a,(ix+BOARD)    ; Fetch board contents
 888:	0DAD  322200  	        LD      (P1),a          ; Save
 889:	0DB0  E607    	        AND     7               ; Get piece type
 890:	0DB2  320800  	        LD      (T1),a          ; Save
 891:	0DB5  CDB90D  	        CALL    ATTACK          ; Look for attackers on King
 892:	0DB8  C9      	        RET                     ; Return
 893:			
 894:			;***********************************************************
 895:			; ATTACK ROUTINE
 896:			;***********************************************************
 897:			; FUNCTION:   --  To find all attackers on a given square
 898:			;                 by scanning outward from the square
 899:			;                 until a piece is found that attacks
 900:			;                 that square, or a piece is found that
 901:			;                 doesn't attack that square, or the edge
 902:			;                 of the board is reached.
 903:			;
 904:			;                 In determining which pieces attack
 905:			;                 a square, this routine also takes into
 906:			;                 account the ability of certain pieces to
 907:			;                 attack through another attacking piece. (For
 908:			;                 example a queen lined up behind a bishop
 909:			;                 of her same color along a diagonal.) The
 910:			;                 bishop is then said to be transparent to the
 911:			;                 queen, since both participate in the
 912:			;                 attack.
 913:			;
 914:			;                 In the case where this routine is called
 915:			;                 by CASTLE or INCHK, the routine is
 916:			;                 terminated as soon as an attacker of the
 917:			;                 opposite color is encountered.
 918:			;
 919:			; CALLED BY:  --  POINTS
 920:			;                 PINFND
 921:			;                 CASTLE
 922:			;                 INCHK
 923:			;
 924:			; CALLS:      --  PATH
 925:			;                 ATKSAV
 926:			;
 927:			; ARGUMENTS:  --  None
 928:			;***********************************************************
 929:	0DB9  C5      	ATTACK: PUSH    bc              ; Save Register B
 930:	0DBA  AF      	        XOR     a               ; Clear
 931:	0DBB  0610    	        LD      b,16            ; Initial direction count
 932:	0DBD  321000  	        LD      (INDX2),a       ; Initial direction index
 933:	0DC0  FD2A1000	        LD      iy,(INDX2)      ; Load index
 934:	0DC4  FD4E80  	AT5:    LD      c,(iy+DIRECT)   ; Get direction
 935:	0DC7  1600    	        LD      d,0             ; Init. scan count/flags
 936:	0DC9  3A0400  	        LD      a,(M3)          ; Init. board start position
 937:	0DCC  320200  	        LD      (M2),a          ; Save
 938:	0DCF  14      	AT10:   INC     d               ; Increment scan count
 939:	0DD0  CD4C0B  	        CALL    PATH            ; Next position
 940:	0DD3  FE01    	        CP      1               ; Piece of a opposite color ?
 941:	0DD5  2813    	        JR      Z,AT14A         ; Yes - jump
 942:	0DD7  FE02    	        CP      2               ; Piece of same color ?
 943:	0DD9  2818    	        JR      Z,AT14B         ; Yes - jump
 944:	0DDB  A7      	        AND     a               ; Empty position ?
 945:	0DDC  2005    	        JR      NZ,AT12         ; No - jump
 946:	0DDE  78      	        LD      a,b             ; Fetch direction count
 947:	0DDF  FE09    	        CP      9               ; On knight scan ?
 948:	0DE1  30EC    	        JR      NC,AT10         ; No - jump
 949:	0DE3  FD23    	AT12:   INC     iy              ; Increment direction index
 950:	0DE5  10DD    	        DJNZ    AT5             ; Done ? No - jump
 951:	0DE7  AF      	        XOR     a               ; No attackers
 952:	0DE8  C1      	AT13:   POP     bc              ; Restore register B
 953:	0DE9  C9      	        RET                     ; Return
 954:	0DEA  CB72    	AT14A:  BIT     6,d             ; Same color found already ?
 955:	0DEC  20F5    	        JR      NZ,AT12         ; Yes - jump
 956:	0DEE  CBEA    	        SET     5,d             ; Set opposite color found flag
 957:	0DF0  C3F90D  	        JP      AT14            ; Jump
 958:	0DF3  CB6A    	AT14B:  BIT     5,d             ; Opposite color found already?
 959:	0DF5  20EC    	        JR      NZ,AT12         ; Yes - jump
 960:	0DF7  CBF2    	        SET     6,d             ; Set same color found flag
 961:			
 962:			;
 963:			; ***** DETERMINE IF PIECE ENCOUNTERED ATTACKS SQUARE *****
 964:	0DF9  3A0A00  	AT14:   LD      a,(T2)          ; Fetch piece type encountered
 965:	0DFC  5F      	        LD      e,a             ; Save
 966:	0DFD  78      	        LD      a,b             ; Get direction-counter
 967:	0DFE  FE09    	        CP      9               ; Look for Knights ?
 968:	0E00  3845    	        JR      C,AT25          ; Yes - jump
 969:	0E02  7B      	        LD      a,e             ; Get piece type
 970:	0E03  FE05    	        CP      QUEEN           ; Is is a Queen ?
 971:	0E05  2004    	        JR      NZ,AT15         ; No - Jump
 972:	0E07  CBFA    	        SET     7,d             ; Set Queen found flag
 973:	0E09  1841    	        JR      AT30            ; Jump
 974:	0E0B  7A      	AT15:   LD      a,d             ; Get flag/scan count
 975:	0E0C  E60F    	        AND     0FH             ; Isolate count
 976:	0E0E  FE01    	        CP      1               ; On first position ?
 977:	0E10  2005    	        JR      NZ,AT16         ; No - jump
 978:	0E12  7B      	        LD      a,e             ; Get encountered piece type
 979:	0E13  FE06    	        CP      KING            ; Is it a King ?
 980:	0E15  2835    	        JR      Z,AT30          ; Yes - jump
 981:	0E17  78      	AT16:   LD      a,b             ; Get direction counter
 982:	0E18  FE0D    	        CP      13              ; Scanning files or ranks ?
 983:	0E1A  3824    	        JR      C,AT21          ; Yes - jump
 984:	0E1C  7B      	        LD      a,e             ; Get piece type
 985:	0E1D  FE03    	        CP      BISHOP          ; Is it a Bishop ?
 986:	0E1F  282B    	        JR      Z,AT30          ; Yes - jump
 987:	0E21  7A      	        LD      a,d             ; Get flags/scan count
 988:	0E22  E60F    	        AND     0FH             ; Isolate count
 989:	0E24  FE01    	        CP      1               ; On first position ?
 990:	0E26  20BB    	        JR      NZ,AT12         ; No - jump
 991:	0E28  BB      	        CP      e               ; Is it a Pawn ?
 992:	0E29  20B8    	        JR      NZ,AT12         ; No - jump
 993:	0E2B  3A2300  	        LD      a,(P2)          ; Fetch piece including color
 994:	0E2E  CB7F    	        BIT     7,a             ; Is it white ?
 995:	0E30  2807    	        JR      Z,AT20          ; Yes - jump
 996:	0E32  78      	        LD      a,b             ; Get direction counter
 997:	0E33  FE0F    	        CP      15              ; On a non-attacking diagonal ?
 998:	0E35  38AC    	        JR      C,AT12          ; Yes - jump
 999:	0E37  1813    	        JR      AT30            ; Jump
1000:	0E39  78      	AT20:   LD      a,b             ; Get direction counter
1001:	0E3A  FE0F    	        CP      15              ; On a non-attacking diagonal ?
1002:	0E3C  30A5    	        JR      NC,AT12         ; Yes - jump
1003:	0E3E  180C    	        JR      AT30            ; Jump
1004:	0E40  7B      	AT21:   LD      a,e             ; Get piece type
1005:	0E41  FE04    	        CP      ROOK            ; Is is a Rook ?
1006:	0E43  209E    	        JR      NZ,AT12         ; No - jump
1007:	0E45  1805    	        JR      AT30            ; Jump
1008:	0E47  7B      	AT25:   LD      a,e             ; Get piece type
1009:	0E48  FE02    	        CP      KNIGHT          ; Is it a Knight ?
1010:	0E4A  2097    	        JR      NZ,AT12         ; No - jump
1011:	0E4C  3A0800  	AT30:   LD      a,(T1)          ; Attacked piece type/flag
1012:	0E4F  FE07    	        CP      7               ; Call from POINTS ?
1013:	0E51  2809    	        JR      Z,AT31          ; Yes - jump
1014:	0E53  CB6A    	        BIT     5,d             ; Is attacker opposite color ?
1015:	0E55  2808    	        JR      Z,AT32          ; No - jump
1016:	0E57  3E01    	        LD      a,1             ; Set attacker found flag
1017:	0E59  C3E80D  	        JP      AT13            ; Jump
1018:	0E5C  CD6F0E  	AT31:   CALL    ATKSAV          ; Save attacker in attack list
1019:	0E5F  3A0A00  	AT32:   LD      a,(T2)          ; Attacking piece type
1020:	0E62  FE06    	        CP      KING            ; Is it a King,?
1021:	0E64  CAE30D  	        JP      Z,AT12          ; Yes - jump
1022:	0E67  FE02    	        CP      KNIGHT          ; Is it a Knight ?
1023:	0E69  CAE30D  	        JP      Z,AT12          ; Yes - jump
1024:	0E6C  C3CF0D  	        JP      AT10            ; Jump
1025:			
1026:			;***********************************************************
1027:			; ATTACK SAVE ROUTINE
1028:			;***********************************************************
1029:			; FUNCTION:   --  To save an attacking piece value in the
1030:			;                 attack list, and to increment the attack
1031:			;                 count for that color piece.
1032:			;
1033:			;                 The pin piece list is checked for the
1034:			;                 attacking piece, and if found there, the
1035:			;                 piece is not included in the attack list.
1036:			;
1037:			; CALLED BY:  --  ATTACK
1038:			;
1039:			; CALLS:      --  PNCK
1040:			;
1041:			; ARGUMENTS:  --  None
1042:			;***********************************************************
1043:			; ATKSAV as published in the 1978 book has a rather invidious bug
1044:			; The POP D instruction was placed before the POP B at AS25:
1045:			; Unfortunately PNCK disturbs register D and this made the
1046:			; "Queen found in this scan?" test invalid if PNCK was called.
1047:			; This fix is to pop DE early so we do have access to D = scan count
1048:			; and flags at the critical time, then use BC rather than DE to bump
1049:			; HL pointer to point at slot (i.e. don't damage DE, so we exit with
1050:			; the correct value the same as if we popped it at the end). This is
1051:			; essentially identical to the original in terms of code size and
1052:			; speed, if anything slightly smaller and faster because LD D,0 is
1053:			; eliminated rather than translated to LD B,0 as the top half of BC
1054:			; is still zero.
1055:	0E6F  C5      	ATKSAV: PUSH    bc              ; Save Regs BC
1056:	0E70  D5      	        PUSH    de              ; Save Regs DE
1057:	0E71  3A1200  	        LD      a,(NPINS)       ; Number of pinned pieces
1058:	0E74  A7      	        AND     a               ; Any pins ?
1059:	0E75  C4B50E  	        CALL    NZ,PNCK         ; yes - check pin list
1060:	0E78  DD2A0A00	        LD      ix,(T2)         ; Init index to value table
1061:	0E7C  212C01  	        LD      hl,ATKLST       ; Init address of attack list
1062:	0E7F  010000  	        LD      bc,0            ; Init increment for white
1063:	0E82  3A2300  	        LD      a,(P2)          ; Attacking piece
1064:	0E85  CB7F    	        BIT     7,a             ; Is it white ?
1065:	0E87  2802    	        JR      Z,rel006        ; Yes - jump
1066:	0E89  0E07    	        LD      c,7             ; Init increment for black
1067:	0E8B  09      	rel006: ADD     hl,bc           ; Attack list address
1068:	0E8C  E607    	        AND     7               ; Attacking piece type (or QUEEN)
1069:	0E8E  4F      	        LD      c,a             ; Init increment for type
1070:	0E8F  D1      	        POP     de              ; Restore DE regs
1071:	0E90  CB7A    	        BIT     7,d             ; Queen found this scan ?
1072:	0E92  2802    	        JR      Z,rel007        ; No - jump
1073:	0E94  0E05    	        LD      c,QUEEN         ; Use Queen slot, pushes piece behind queen
1074:	0E96  34      	rel007: INC     (hl)            ; Increment list count
1075:	0E97  09      	        ADD     hl,bc           ; Attack list slot address
1076:	0E98  7E      	        LD      a,(hl)          ; Get data already there
1077:	0E99  E60F    	        AND     0FH             ; Is first slot empty ?
1078:	0E9B  2811    	        JR      Z,AS20          ; Yes - jump
1079:	0E9D  7E      	        LD      a,(hl)          ; Get data again
1080:	0E9E  E6F0    	        AND     0F0H            ; Is second slot empty ?
1081:	0EA0  2803    	        JR      Z,AS19          ; Yes - jump
1082:	0EA2  23      	        INC     hl              ; Increment to King slot
1083:	0EA3  1809    	        JR      AS20            ; Jump
1084:	0EA5  ED6F    	AS19:   RLD                     ; Temp save lower in upper
1085:	0EA7  DD7EA5  	        LD      a,(ix+PVALUE)   ; Get new value for attack list
1086:	0EAA  ED67    	        RRD                     ; Put in 2nd attack list slot
1087:	0EAC  1805    	        JR      AS25            ; Jump
1088:	0EAE  DD7EA5  	AS20:   LD      a,(ix+PVALUE)   ; Get new value for attack list
1089:	0EB1  ED6F    	        RLD                     ; Put in 1st attack list slot
1090:	0EB3  C1      	AS25:   POP     bc              ; Restore BC regs
1091:	0EB4  C9      	        RET                     ; Return
1092:			
1093:			;***********************************************************
1094:			; PIN CHECK ROUTINE
1095:			;***********************************************************
1096:			; FUNCTION:   --  Checks to see if the attacker is in the
1097:			;                 pinned piece list. If so he is not a valid
1098:			;                 attacker unless the direction in which he
1099:			;                 attacks is the same as the direction along
1100:			;                 which he is pinned. If the piece is
1101:			;                 found to be invalid as an attacker, the
1102:			;                 return to the calling routine is aborted
1103:			;                 and this routine returns directly to ATTACK.
1104:			;
1105:			; CALLED BY:  --  ATKSAV
1106:			;
1107:			; CALLS:      --  None
1108:			;
1109:			; ARGUMENTS:  --  The direction of the attack. The
1110:			;                 pinned piece counnt.
1111:			;***********************************************************
1112:	0EB5  51      	PNCK:   LD      d,c             ; Save attack direction
1113:	0EB6  1E00    	        LD      e,0             ; Clear flag
1114:	0EB8  4F      	        LD      c,a             ; Load pin count for search
1115:	0EB9  0600    	        LD      b,0
1116:	0EBB  3A0200  	        LD      a,(M2)          ; Position of piece
1117:	0EBE  213A01  	        LD      hl,PLISTA       ; Pin list address
1118:	0EC1  EDB1    	PC1:    CPIR                    ; Search list for position
1119:	0EC3  C0      	        RET     NZ              ; Return if not found
1120:	0EC4  08      	        EX      af,af'          ; Save search parameters
1121:	0EC5  CB43    	        BIT     0,e             ; Is this the first find ?
1122:	0EC7  2015    	        JR      NZ,PC5          ; No - jump
1123:	0EC9  CBC3    	        SET     0,e             ; Set first find flag
1124:	0ECB  E5      	        PUSH    hl              ; Get corresp index to dir list
1125:	0ECC  DDE1    	        POP     ix
1126:	0ECE  DD7E09  	        LD      a,(ix+9)        ; Get direction
1127:	0ED1  BA      	        CP      d               ; Same as attacking direction ?
1128:	0ED2  2805    	        JR      Z,PC3           ; Yes - jump
1129:	0ED4  ED44    	        NEG                     ; Opposite direction ?
1130:	0ED6  BA      	        CP      d               ; Same as attacking direction ?
1131:	0ED7  2005    	        JR      NZ,PC5          ; No - jump
1132:	0ED9  08      	PC3:    EX      af,af'          ; Restore search parameters
1133:	0EDA  EAC10E  	        JP      PE,PC1          ; Jump if search not complete
1134:	0EDD  C9      	        RET                     ; Return
1135:	0EDE  F1      	PC5:    POP     af              ; Abnormal exit
1136:	0EDF  D1      	        POP     de              ; Restore regs.
1137:	0EE0  C1      	        POP     bc
1138:	0EE1  C9      	        RET                     ; Return to ATTACK
1139:			
1140:			;***********************************************************
1141:			; PIN FIND ROUTINE
1142:			;***********************************************************
1143:			; FUNCTION:   --  To produce a list of all pieces pinned
1144:			;                 against the King or Queen, for both white
1145:			;                 and black.
1146:			;
1147:			; CALLED BY:  --  FNDMOV
1148:			;                 EVAL
1149:			;
1150:			; CALLS:      --  PATH
1151:			;                 ATTACK
1152:			;
1153:			; ARGUMENTS:  --  None
1154:			;***********************************************************
1155:	0EE2  AF      	PINFND: XOR     a               ; Zero pin count
1156:	0EE3  321200  	        LD      (NPINS),a
1157:	0EE6  114E01  	        LD      de,POSK         ; Addr of King/Queen pos list
1158:	0EE9  1A      	PF1:    LD      a,(de)          ; Get position of royal piece
1159:	0EEA  A7      	        AND     a               ; Is it on board ?
1160:	0EEB  CAA50F  	        JP      Z,PF26          ; No- jump
1161:	0EEE  FEFF    	        CP      -1              ; At end of list ?
1162:	0EF0  C8      	        RET     Z               ; Yes return
1163:	0EF1  320400  	        LD      (M3),a          ; Save position as board index
1164:	0EF4  DD2A0400	        LD      ix,(M3)         ; Load index to board
1165:	0EF8  DD7EB4  	        LD      a,(ix+BOARD)    ; Get contents of board
1166:	0EFB  322200  	        LD      (P1),a          ; Save
1167:	0EFE  0608    	        LD      b,8             ; Init scan direction count
1168:	0F00  AF      	        XOR     a
1169:	0F01  321000  	        LD      (INDX2),a       ; Init direction index
1170:	0F04  FD2A1000	        LD      iy,(INDX2)
1171:	0F08  3A0400  	PF2:    LD      a,(M3)          ; Get King/Queen position
1172:	0F0B  320200  	        LD      (M2),a          ; Save
1173:	0F0E  AF      	        XOR     a
1174:	0F0F  320600  	        LD      (M4),a          ; Clear pinned piece saved pos
1175:	0F12  FD4E80  	        LD      c,(iy+DIRECT)   ; Get direction of scan
1176:	0F15  CD4C0B  	PF5:    CALL    PATH            ; Compute next position
1177:	0F18  A7      	        AND     a               ; Is it empty ?
1178:	0F19  28FA    	        JR      Z,PF5           ; Yes - jump
1179:	0F1B  FE03    	        CP      3               ; Off board ?
1180:	0F1D  CAA10F  	        JP      Z,PF25          ; Yes - jump
1181:	0F20  FE02    	        CP      2               ; Piece of same color
1182:	0F22  3A0600  	        LD      a,(M4)          ; Load pinned piece position
1183:	0F25  2824    	        JR      Z,PF15          ; Yes - jump
1184:	0F27  A7      	        AND     a               ; Possible pin ?
1185:	0F28  CAA10F  	        JP      Z,PF25          ; No - jump
1186:	0F2B  3A0A00  	        LD      a,(T2)          ; Piece type encountered
1187:	0F2E  FE05    	        CP      QUEEN           ; Queen ?
1188:	0F30  CA580F  	        JP      Z,PF19          ; Yes - jump
1189:	0F33  6F      	        LD      l,a             ; Save piece type
1190:	0F34  78      	        LD      a,b             ; Direction counter
1191:	0F35  FE05    	        CP      5               ; Non-diagonal direction ?
1192:	0F37  3809    	        JR      C,PF10          ; Yes - jump
1193:	0F39  7D      	        LD      a,l             ; Piece type
1194:	0F3A  FE03    	        CP      BISHOP          ; Bishop ?
1195:	0F3C  C2A10F  	        JP      NZ,PF25         ; No - jump
1196:	0F3F  C3900F  	        JP      PF20            ; Jump
1197:	0F42  7D      	PF10:   LD      a,l             ; Piece type
1198:	0F43  FE04    	        CP      ROOK            ; Rook ?
1199:	0F45  C2A10F  	        JP      NZ,PF25         ; No - jump
1200:	0F48  C3900F  	        JP      PF20            ; Jump
1201:	0F4B  A7      	PF15:   AND     a               ; Possible pin ?
1202:	0F4C  C2A10F  	        JP      NZ,PF25         ; No - jump
1203:	0F4F  3A0200  	        LD      a,(M2)          ; Save possible pin position
1204:	0F52  320600  	        LD      (M4),a
1205:	0F55  C3150F  	        JP      PF5             ; Jump
1206:	0F58  3A2200  	PF19:   LD      a,(P1)          ; Load King or Queen
1207:	0F5B  E607    	        AND     7               ; Clear flags
1208:	0F5D  FE05    	        CP      QUEEN           ; Queen ?
1209:	0F5F  202F    	        JR      NZ,PF20         ; No - jump
1210:	0F61  C5      	        PUSH    bc              ; Save regs.
1211:	0F62  D5      	        PUSH    de
1212:	0F63  FDE5    	        PUSH    iy
1213:	0F65  AF      	        XOR     a               ; Zero out attack list
1214:	0F66  060E    	        LD      b,14
1215:	0F68  212C01  	        LD      hl,ATKLST
1216:	0F6B  77      	back02: LD      (hl),a
1217:	0F6C  23      	        INC     hl
1218:	0F6D  10FC    	        DJNZ    back02
1219:	0F6F  3E07    	        LD      a,7             ; Set attack flag
1220:	0F71  320800  	        LD      (T1),a
1221:	0F74  CDB90D  	        CALL    ATTACK          ; Find attackers/defenders
1222:	0F77  212C01  	        LD      hl,WACT         ; White queen attackers
1223:	0F7A  113301  	        LD      de,BACT         ; Black queen attackers
1224:	0F7D  3A2200  	        LD      a,(P1)          ; Get queen
1225:	0F80  CB7F    	        BIT     7,a             ; Is she white ?
1226:	0F82  2801    	        JR      Z,rel008        ; Yes - skip
1227:	0F84  EB      	        EX      de,hl           ; Reverse for black
1228:	0F85  7E      	rel008: LD      a,(hl)          ; Number of defenders
1229:	0F86  EB      	        EX      de,hl           ; Reverse for attackers
1230:	0F87  96      	        SUB     (hl)            ; Defenders minus attackers
1231:	0F88  3D      	        DEC     a               ; Less 1
1232:	0F89  FDE1    	        POP     iy              ; Restore regs.
1233:	0F8B  D1      	        POP     de
1234:	0F8C  C1      	        POP     bc
1235:	0F8D  F2A10F  	        JP      P,PF25          ; Jump if pin not valid
1236:	0F90  211200  	PF20:   LD      hl,NPINS        ; Address of pinned piece count
1237:	0F93  34      	        INC     (hl)            ; Increment
1238:	0F94  DD2A1200	        LD      ix,(NPINS)      ; Load pin list index
1239:	0F98  DD7143  	        LD      (ix+PLISTD),c   ; Save direction of pin
1240:	0F9B  3A0600  	        LD      a,(M4)          ; Position of pinned piece
1241:	0F9E  DD7739  	        LD      (ix+PLIST),a    ; Save in list
1242:	0FA1  FD23    	PF25:   INC     iy              ; Increment direction index
1243:	0FA3  1004    	        DJNZ    PF27            ; Done ? No - Jump
1244:	0FA5  13      	PF26:   INC     de              ; Incr King/Queen pos index
1245:	0FA6  C3E90E  	        JP      PF1             ; Jump
1246:	0FA9  C3080F  	PF27:   JP      PF2             ; Jump
1247:			
1248:			;***********************************************************
1249:			; EXCHANGE ROUTINE
1250:			;***********************************************************
1251:			; FUNCTION:   --  To determine the exchange value of a
1252:			;                 piece on a given square by examining all
1253:			;                 attackers and defenders of that piece.
1254:			;
1255:			; CALLED BY:  --  POINTS
1256:			;
1257:			; CALLS:      --  NEXTAD
1258:			;
1259:			; ARGUMENTS:  --  None.
1260:			;***********************************************************
1261:	0FAC  D9      	XCHNG:  EXX                     ; Swap regs.
1262:	0FAD  3A2200  	        LD      a,(P1)          ; Piece attacked
1263:	0FB0  212C01  	        LD      hl,WACT         ; Addr of white attkrs/dfndrs
1264:	0FB3  113301  	        LD      de,BACT         ; Addr of black attkrs/dfndrs
1265:	0FB6  CB7F    	        BIT     7,a             ; Is piece white ?
1266:	0FB8  2801    	        JR      Z,rel009        ; Yes - jump
1267:	0FBA  EB      	        EX      de,hl           ; Swap list pointers
1268:	0FBB  46      	rel009: LD      b,(hl)          ; Init list counts
1269:	0FBC  EB      	        EX      de,hl
1270:	0FBD  4E      	        LD      c,(hl)
1271:	0FBE  EB      	        EX      de,hl
1272:	0FBF  D9      	        EXX                     ; Restore regs.
1273:	0FC0  0E00    	        LD      c,0             ; Init attacker/defender flag
1274:	0FC2  1E00    	        LD      e,0             ; Init points lost count
1275:	0FC4  DD2A0C00	        LD      ix,(T3)         ; Load piece value index
1276:	0FC8  DD56A5  	        LD      d,(ix+PVALUE)   ; Get attacked piece value
1277:	0FCB  CB22    	        SLA     d               ; Double it
1278:	0FCD  42      	        LD      b,d             ; Save
1279:	0FCE  CDFA0F  	        CALL    NEXTAD          ; Retrieve first attacker
1280:	0FD1  C8      	        RET     Z               ; Return if none
1281:	0FD2  6F      	XC10:   LD      l,a             ; Save attacker value
1282:	0FD3  CDFA0F  	        CALL    NEXTAD          ; Get next defender
1283:	0FD6  2812    	        JR      Z,XC18          ; Jump if none
1284:	0FD8  08      	        EX      af,af'          ; Save defender value
1285:	0FD9  78      	        LD      a,b             ; Get attacked value
1286:	0FDA  BD      	        CP      l               ; Attacked less than attacker ?
1287:	0FDB  300F    	        JR      NC,XC19         ; No - jump
1288:	0FDD  08      	        EX      af,af'          ; -Restore defender
1289:	0FDE  BD      	XC15:   CP      l               ; Defender less than attacker ?
1290:	0FDF  D8      	        RET     C               ; Yes - return
1291:	0FE0  CDFA0F  	        CALL    NEXTAD          ; Retrieve next attacker value
1292:	0FE3  C8      	        RET     Z               ; Return if none
1293:	0FE4  6F      	        LD      l,a             ; Save attacker value
1294:	0FE5  CDFA0F  	        CALL    NEXTAD          ; Retrieve next defender value
1295:	0FE8  20F4    	        JR      NZ,XC15         ; Jump if none
1296:	0FEA  08      	XC18:   EX      af,af'          ; Save Defender
1297:	0FEB  78      	        LD      a,b             ; Get value of attacked piece
1298:	0FEC  CB41    	XC19:   BIT     0,c             ; Attacker or defender ?
1299:	0FEE  2802    	        JR      Z,rel010        ; Jump if defender
1300:	0FF0  ED44    	        NEG                     ; Negate value for attacker
1301:	0FF2  83      	rel010: ADD     a,e             ; Total points lost
1302:	0FF3  5F      	        LD      e,a             ; Save total
1303:	0FF4  08      	        EX      af,af'          ; Restore previous defender
1304:	0FF5  C8      	        RET     Z               ; Return if none
1305:	0FF6  45      	        LD      b,l             ; Prev attckr becomes defender
1306:	0FF7  C3D20F  	        JP      XC10            ; Jump
1307:			
1308:			;***********************************************************
1309:			; NEXT ATTACKER/DEFENDER ROUTINE
1310:			;***********************************************************
1311:			; FUNCTION:   --  To retrieve the next attacker or defender
1312:			;                 piece value from the attack list, and delete
1313:			;                 that piece from the list.
1314:			;
1315:			; CALLED BY:  --  XCHNG
1316:			;
1317:			; CALLS:      --  None
1318:			;
1319:			; ARGUMENTS:  --  Attack list addresses.
1320:			;                 Side flag
1321:			;                 Attack list counts
1322:			;***********************************************************
1323:	0FFA  0C      	NEXTAD: INC     c               ; Increment side flag
1324:	0FFB  D9      	        EXX                     ; Swap registers
1325:	0FFC  78      	        LD      a,b             ; Swap list counts
1326:	0FFD  41      	        LD      b,c
1327:	0FFE  4F      	        LD      c,a
1328:	0FFF  EB      	        EX      de,hl           ; Swap list pointers
1329:	1000  AF      	        XOR     a
1330:	1001  B8      	        CP      b               ; At end of list ?
1331:	1002  2809    	        JR      Z,NX6           ; Yes - jump
1332:	1004  05      	        DEC     b               ; Decrement list count
1333:	1005  23      	back03: INC     hl              ; Increment list pointer
1334:	1006  BE      	        CP      (hl)            ; Check next item in list
1335:	1007  28FC    	        JR      Z,back03        ; Jump if empty
1336:	1009  ED67    	        RRD                     ; Get value from list
1337:	100B  87      	        ADD     a,a             ; Double it
1338:	100C  2B      	        DEC     hl              ; Decrement list pointer
1339:	100D  D9      	NX6:    EXX                     ; Restore regs.
1340:	100E  C9      	        RET                     ; Return
1341:			
1342:			;***********************************************************
1343:			; POINT EVALUATION ROUTINE
1344:			;***********************************************************
1345:			;FUNCTION:   --  To perform a static board evaluation and
1346:			;                derive a score for a given board position
1347:			;
1348:			; CALLED BY:  --  FNDMOV
1349:			;                 EVAL
1350:			;
1351:			; CALLS:      --  ATTACK
1352:			;                 XCHNG
1353:			;                 LIMIT
1354:			;
1355:			; ARGUMENTS:  --  None
1356:			;***********************************************************
1357:	100F  AF      	POINTS: XOR     a               ; Zero out variables
1358:	1010  323000  	        LD      (MTRL),a
1359:	1013  322C00  	        LD      (BRDC),a
1360:	1016  322D00  	        LD      (PTSL),a
1361:	1019  322E00  	        LD      (PTSW1),a
1362:	101C  322F00  	        LD      (PTSW2),a
1363:	101F  323300  	        LD      (PTSCK),a
1364:	1022  210800  	        LD      hl,T1           ; Set attacker flag
1365:	1025  3607    	        LD      (hl),7
1366:	1027  3E15    	        LD      a,21            ; Init to first square on board
1367:	1029  320400  	PT5:    LD      (M3),a          ; Save as board index
1368:	102C  DD2A0400	        LD      ix,(M3)         ; Load board index
1369:	1030  DD7EB4  	        LD      a,(ix+BOARD)    ; Get piece from board
1370:	1033  FEFF    	        CP      -1              ; Off board edge ?
1371:	1035  CAE910  	        JP      Z,PT25          ; Yes - jump
1372:	1038  212200  	        LD      hl,P1           ; Save piece, if any
1373:	103B  77      	        LD      (hl),a
1374:	103C  E607    	        AND     7               ; Save piece type, if any
1375:	103E  320C00  	        LD      (T3),a
1376:	1041  FE02    	        CP      KNIGHT          ; Less than a Knight (Pawn) ?
1377:	1043  3839    	        JR      C,PT6X          ; Yes - Jump
1378:	1045  FE04    	        CP      ROOK            ; Rook, Queen or King ?
1379:	1047  3824    	        JR      C,PT6B          ; No - jump
1380:	1049  FE06    	        CP      KING            ; Is it a King ?
1381:	104B  280A    	        JR      Z,PT6AA         ; Yes - jump
1382:	104D  3A2600  	        LD      a,(MOVENO)      ; Get move number
1383:	1050  FE07    	        CP      7               ; Less than 7 ?
1384:	1052  3812    	        JR      C,PT6A          ; Yes - Jump
1385:	1054  C37E10  	        JP      PT6X            ; Jump
1386:	1057  CB66    	PT6AA:  BIT     4,(hl)          ; Castled yet ?
1387:	1059  280B    	        JR      Z,PT6A          ; No - jump
1388:	105B  3E06    	        LD      a,+6            ; Bonus for castling
1389:	105D  CB7E    	        BIT     7,(hl)          ; Check piece color
1390:	105F  2818    	        JR      Z,PT6D          ; Jump if white
1391:	1061  3EFA    	        LD      a,-6            ; Bonus for black castling
1392:	1063  C37910  	        JP      PT6D            ; Jump
1393:	1066  CB5E    	PT6A:   BIT     3,(hl)          ; Has piece moved yet ?
1394:	1068  2814    	        JR      Z,PT6X          ; No - jump
1395:	106A  C37110  	        JP      PT6C            ; Jump
1396:	106D  CB5E    	PT6B:   BIT     3,(hl)          ; Has piece moved yet ?
1397:	106F  200D    	        JR      NZ,PT6X         ; Yes - jump
1398:	1071  3EFE    	PT6C:   LD      a,-2            ; Two point penalty for white
1399:	1073  CB7E    	        BIT     7,(hl)          ; Check piece color
1400:	1075  2802    	        JR      Z,PT6D          ; Jump if white
1401:	1077  3E02    	        LD      a,+2            ; Two point penalty for black
1402:	1079  212C00  	PT6D:   LD      hl,BRDC         ; Get address of board control
1403:	107C  86      	        ADD     a,(hl)          ; Add on penalty/bonus points
1404:	107D  77      	        LD      (hl),a          ; Save
1405:	107E  AF      	PT6X:   XOR     a               ; Zero out attack list
1406:	107F  060E    	        LD      b,14
1407:	1081  212C01  	        LD      hl,ATKLST
1408:	1084  77      	back04: LD      (hl),a
1409:	1085  23      	        INC     hl
1410:	1086  10FC    	        DJNZ    back04
1411:	1088  CDB90D  	        CALL    ATTACK          ; Build attack list for square
1412:	108B  213301  	        LD      hl,BACT         ; Get black attacker count addr
1413:	108E  3A2C01  	        LD      a,(WACT)        ; Get white attacker count
1414:	1091  96      	        SUB     (hl)            ; Compute count difference
1415:	1092  212C00  	        LD      hl,BRDC         ; Address of board control
1416:	1095  86      	        ADD     a,(hl)          ; Accum board control score
1417:	1096  77      	        LD      (hl),a          ; Save
1418:	1097  3A2200  	        LD      a,(P1)          ; Get piece on current square
1419:	109A  A7      	        AND     a               ; Is it empty ?
1420:	109B  CAE910  	        JP      Z,PT25          ; Yes - jump
1421:	109E  CDAC0F  	        CALL    XCHNG           ; Evaluate exchange, if any
1422:	10A1  AF      	        XOR     a               ; Check for a loss
1423:	10A2  BB      	        CP      e               ; Points lost ?
1424:	10A3  2835    	        JR      Z,PT23          ; No - Jump
1425:	10A5  15      	        DEC     d               ; Deduct half a Pawn value
1426:	10A6  3A2200  	        LD      a,(P1)          ; Get piece under attack
1427:	10A9  212100  	        LD      hl,COLOR        ; Color of side just moved
1428:	10AC  AE      	        XOR     (hl)            ; Compare with piece
1429:	10AD  CB7F    	        BIT     7,a             ; Do colors match ?
1430:	10AF  7B      	        LD      a,e             ; Points lost
1431:	10B0  2019    	        JR      NZ,PT20         ; Jump if no match
1432:	10B2  212D00  	        LD      hl,PTSL         ; Previous max points lost
1433:	10B5  BE      	        CP      (hl)            ; Compare to current value
1434:	10B6  3822    	        JR      C,PT23          ; Jump if greater than
1435:	10B8  73      	        LD      (hl),e          ; Store new value as max lost
1436:	10B9  DD2A1600	        LD      ix,(MLPTRJ)     ; Load pointer to this move
1437:	10BD  3A0400  	        LD      a,(M3)          ; Get position of lost piece
1438:	10C0  DDBE03  	        CP      (ix+MLTOP)      ; Is it the one moving ?
1439:	10C3  2015    	        JR      NZ,PT23         ; No - jump
1440:	10C5  323300  	        LD      (PTSCK),a       ; Save position as a flag
1441:	10C8  C3DA10  	        JP      PT23            ; Jump
1442:	10CB  212E00  	PT20:   LD      hl,PTSW1        ; Previous maximum points won
1443:	10CE  BE      	        CP      (hl)            ; Compare to current value
1444:	10CF  3802    	        JR      C,rel011        ; Jump if greater than
1445:	10D1  7E      	        LD      a,(hl)          ; Load previous max value
1446:	10D2  73      	        LD      (hl),e          ; Store new value as max won
1447:	10D3  212F00  	rel011: LD      hl,PTSW2        ; Previous 2nd max points won
1448:	10D6  BE      	        CP      (hl)            ; Compare to current value
1449:	10D7  3801    	        JR      C,PT23          ; Jump if greater than
1450:	10D9  77      	        LD      (hl),a          ; Store as new 2nd max lost
1451:	10DA  212200  	PT23:   LD      hl,P1           ; Get piece
1452:	10DD  CB7E    	        BIT     7,(hl)          ; Test color
1453:	10DF  7A      	        LD      a,d             ; Value of piece
1454:	10E0  2802    	        JR      Z,rel012        ; Jump if white
1455:	10E2  ED44    	        NEG                     ; Negate for black
1456:	10E4  213000  	rel012: LD      hl,MTRL         ; Get addrs of material total
1457:	10E7  86      	        ADD     a,(hl)          ; Add new value
1458:	10E8  77      	        LD      (hl),a          ; Store
1459:	10E9  3A0400  	PT25:   LD      a,(M3)          ; Get current board position
1460:	10EC  3C      	        INC     a               ; Increment
1461:	10ED  FE63    	        CP      99              ; At end of board ?
1462:	10EF  C22910  	        JP      NZ,PT5          ; No - jump
1463:	10F2  3A3300  	        LD      a,(PTSCK)       ; Moving piece lost flag
1464:	10F5  A7      	        AND     a               ; Was it lost ?
1465:	10F6  280A    	        JR      Z,PT25A         ; No - jump
1466:	10F8  3A2F00  	        LD      a,(PTSW2)       ; 2nd max points won
1467:	10FB  322E00  	        LD      (PTSW1),a       ; Store as max points won
1468:	10FE  AF      	        XOR     a               ; Zero out 2nd max points won
1469:	10FF  322F00  	        LD      (PTSW2),a
1470:	1102  3A2D00  	PT25A:  LD      a,(PTSL)        ; Get max points lost
1471:	1105  A7      	        AND     a               ; Is it zero ?
1472:	1106  2801    	        JR      Z,rel013        ; Yes - jump
1473:	1108  3D      	        DEC     a               ; Decrement it
1474:	1109  47      	rel013: LD      b,a             ; Save it
1475:	110A  3A2E00  	        LD      a,(PTSW1)       ; Max,points won
1476:	110D  A7      	        AND     a               ; Is it zero ?
1477:	110E  2809    	        JR      Z,rel014        ; Yes - jump
1478:	1110  3A2F00  	        LD      a,(PTSW2)       ; 2nd max points won
1479:	1113  A7      	        AND     a               ; Is it zero ?
1480:	1114  2803    	        JR      Z,rel014        ; Yes - jump
1481:	1116  3D      	        DEC     a               ; Decrement it
1482:	1117  CB3F    	        SRL     a               ; Divide it by 2
1483:	1119  90      	rel014: SUB     b               ; Subtract points lost
1484:	111A  212100  	        LD      hl,COLOR        ; Color of side just moved ???
1485:	111D  CB7E    	        BIT     7,(hl)          ; Is it white ?
1486:	111F  2802    	        JR      Z,rel015        ; Yes - jump
1487:	1121  ED44    	        NEG                     ; Negate for black
1488:	1123  213000  	rel015: LD      hl,MTRL         ; Net material on board
1489:	1126  86      	        ADD     a,(hl)          ; Add exchange adjustments
1490:	1127  213200  	        LD      hl,MV0          ; Material at ply 0
1491:	112A  96      	        SUB     (hl)            ; Subtract from current
1492:	112B  47      	        LD      b,a             ; Save
1493:	112C  3E1E    	        LD      a,30            ; Load material limit
1494:	112E  CD6211  	        CALL    LIMIT           ; Limit to plus or minus value
1495:	1131  5F      	        LD      e,a             ; Save limited value
1496:	1132  3A2C00  	        LD      a,(BRDC)        ; Get board control points
1497:	1135  213100  	        LD      hl,BC0          ; Board control at ply zero
1498:	1138  96      	        SUB     (hl)            ; Get difference
1499:	1139  47      	        LD      b,a             ; Save
1500:	113A  3A3300  	        LD      a,(PTSCK)       ; Moving piece lost flag
1501:	113D  A7      	        AND     a               ; Is it zero ?
1502:	113E  2802    	        JR      Z,rel026        ; Yes - jump
1503:	1140  0600    	        LD      b,0             ; Zero board control points
1504:	1142  3E06    	rel026: LD      a,6             ; Load board control limit
1505:	1144  CD6211  	        CALL    LIMIT           ; Limit to plus or minus value
1506:	1147  57      	        LD      d,a             ; Save limited value
1507:	1148  7B      	        LD      a,e             ; Get material points
1508:	1149  87      	        ADD     a,a             ; Multiply by 4
1509:	114A  87      	        ADD     a,a
1510:	114B  82      	        ADD     a,d             ; Add board control
1511:	114C  212100  	        LD      hl,COLOR        ; Color of side just moved
1512:	114F  CB7E    	        BIT     7,(hl)          ; Is it white ?
1513:	1151  2002    	        JR      NZ,rel016       ; No - jump
1514:	1153  ED44    	        NEG                     ; Negate for white
1515:	1155  C680    	rel016: ADD     a,80H           ; Rescale score (neutral = 80H)
1516:	1157  322B00  	        LD      (VALM),a        ; Save score
1517:	115A  DD2A1600	        LD      ix,(MLPTRJ)     ; Load move list pointer
1518:	115E  DD7705  	        LD      (ix+MLVAL),a    ; Save score in move list
1519:	1161  C9      	        RET                     ; Return
1520:			
1521:			;***********************************************************
1522:			; LIMIT ROUTINE
1523:			;***********************************************************
1524:			; FUNCTION:   --  To limit the magnitude of a given value
1525:			;                 to another given value.
1526:			;
1527:			; CALLED BY:  --  POINTS
1528:			;
1529:			; CALLS:      --  None
1530:			;
1531:			; ARGUMENTS:  --  Input  - Value, to be limited in the B
1532:			;                          register.
1533:			;                        - Value to limit to in the A register
1534:			;                 Output - Limited value in the A register.
1535:			;***********************************************************
1536:	1162  CB78    	LIMIT:  BIT     7,b             ; Is value negative ?
1537:	1164  CA6D11  	        JP      Z,LIM10         ; No - jump
1538:	1167  ED44    	        NEG                     ; Make positive
1539:	1169  B8      	        CP      b               ; Compare to limit
1540:	116A  D0      	        RET     NC              ; Return if outside limit
1541:	116B  78      	        LD      a,b             ; Output value as is
1542:	116C  C9      	        RET                     ; Return
1543:	116D  B8      	LIM10:  CP      b               ; Compare to limit
1544:	116E  D8      	        RET     C               ; Return if outside limit
1545:	116F  78      	        LD      a,b             ; Output value as is
1546:	1170  C9      	        RET                     ; Return
1547:			
1548:			;***********************************************************
1549:			; MOVE ROUTINE
1550:			;***********************************************************
1551:			; FUNCTION:   --  To execute a move from the move list on the
1552:			;                 board array.
1553:			;
1554:			; CALLED BY:  --  CPTRMV
1555:			;                 PLYRMV
1556:			;                 EVAL
1557:			;                 FNDMOV
1558:			;                 VALMOV
1559:			;
1560:			; CALLS:      --  None
1561:			;
1562:			; ARGUMENTS:  --  None
1563:			;***********************************************************
1564:	1171  2A1600  	MOVE:   LD      hl,(MLPTRJ)     ; Load move list pointer
1565:	1174  23      	        INC     hl              ; Increment past link bytes
1566:	1175  23      	        INC     hl
1567:	1176  7E      	MV1:    LD      a,(hl)          ; "From" position
1568:	1177  320000  	        LD      (M1),a          ; Save
1569:	117A  23      	        INC     hl              ; Increment pointer
1570:	117B  7E      	        LD      a,(hl)          ; "To" position
1571:	117C  320200  	        LD      (M2),a          ; Save
1572:	117F  23      	        INC     hl              ; Increment pointer
1573:	1180  56      	        LD      d,(hl)          ; Get captured piece/flags
1574:	1181  DD2A0000	        LD      ix,(M1)         ; Load "from" pos board index
1575:	1185  DD5EB4  	        LD      e,(ix+BOARD)    ; Get piece moved
1576:	1188  CB6A    	        BIT     5,d             ; Test Pawn promotion flag
1577:	118A  202D    	        JR      NZ,MV15         ; Jump if set
1578:	118C  7B      	        LD      a,e             ; Piece moved
1579:	118D  E607    	        AND     7               ; Clear flag bits
1580:	118F  FE05    	        CP      QUEEN           ; Is it a queen ?
1581:	1191  282B    	        JR      Z,MV20          ; Yes - jump
1582:	1193  FE06    	        CP      KING            ; Is it a king ?
1583:	1195  2836    	        JR      Z,MV30          ; Yes - jump
1584:	1197  FD2A0200	MV5:    LD      iy,(M2)         ; Load "to" pos board index
1585:	119B  CBDB    	        SET     3,e             ; Set piece moved flag
1586:	119D  FD73B4  	        LD      (iy+BOARD),e    ; Insert piece at new position
1587:	11A0  DD36B400	        LD      (ix+BOARD),0    ; Empty previous position
1588:	11A4  CB72    	        BIT     6,d             ; Double move ?
1589:	11A6  2031    	        JR      NZ,MV40         ; Yes - jump
1590:	11A8  7A      	        LD      a,d             ; Get captured piece, if any
1591:	11A9  E607    	        AND     7
1592:	11AB  FE05    	        CP      QUEEN           ; Was it a queen ?
1593:	11AD  C0      	        RET     NZ              ; No - return
1594:	11AE  215001  	        LD      hl,POSQ         ; Addr of saved Queen position
1595:	11B1  CB7A    	        BIT     7,d             ; Is Queen white ?
1596:	11B3  2801    	        JR      Z,MV10          ; Yes - jump
1597:	11B5  23      	        INC     hl              ; Increment to black Queen pos
1598:	11B6  AF      	MV10:   XOR     a               ; Set saved position to zero
1599:	11B7  77      	        LD      (hl),a
1600:	11B8  C9      	        RET                     ; Return
1601:	11B9  CBD3    	MV15:   SET     2,e             ; Change Pawn to a Queen
1602:	11BB  C39711  	        JP      MV5             ; Jump
1603:	11BE  215001  	MV20:   LD      hl,POSQ         ; Addr of saved Queen position
1604:	11C1  CB7B    	MV21:   BIT     7,e             ; Is Queen white ?
1605:	11C3  2801    	        JR      Z,MV22          ; Yes - jump
1606:	11C5  23      	        INC     hl              ; Increment to black Queen pos
1607:	11C6  3A0200  	MV22:   LD      a,(M2)          ; Get new Queen position
1608:	11C9  77      	        LD      (hl),a          ; Save
1609:	11CA  C39711  	        JP      MV5             ; Jump
1610:	11CD  214E01  	MV30:   LD      hl,POSK         ; Get saved King position
1611:	11D0  CB72    	        BIT     6,d             ; Castling ?
1612:	11D2  28ED    	        JR      Z,MV21          ; No - jump
1613:	11D4  CBE3    	        SET     4,e             ; Set King castled flag
1614:	11D6  C3C111  	        JP      MV21            ; Jump
1615:	11D9  2A1600  	MV40:   LD      hl,(MLPTRJ)     ; Get move list pointer
1616:	11DC  110800  	        LD      de,8            ; Increment to next move
1617:	11DF  19      	        ADD     hl,de
1618:	11E0  C37611  	        JP      MV1             ; Jump (2nd part of dbl move)
1619:			
1620:			;***********************************************************
1621:			; UN-MOVE ROUTINE
1622:			;***********************************************************
1623:			; FUNCTION:   --  To reverse the process of the move routine,
1624:			;                 thereby restoring the board array to its
1625:			;                 previous position.
1626:			;
1627:			; CALLED BY:  --  VALMOV
1628:			;                 EVAL
1629:			;                 FNDMOV
1630:			;                 ASCEND
1631:			;
1632:			; CALLS:      --  None
1633:			;
1634:			; ARGUMENTS:  --  None
1635:			;***********************************************************
1636:	11E3  2A1600  	UNMOVE: LD      hl,(MLPTRJ)     ; Load move list pointer
1637:	11E6  23      	        INC     hl              ; Increment past link bytes
1638:	11E7  23      	        INC     hl
1639:	11E8  7E      	UM1:    LD      a,(hl)          ; Get "from" position
1640:	11E9  320000  	        LD      (M1),a          ; Save
1641:	11EC  23      	        INC     hl              ; Increment pointer
1642:	11ED  7E      	        LD      a,(hl)          ; Get "to" position
1643:	11EE  320200  	        LD      (M2),a          ; Save
1644:	11F1  23      	        INC     hl              ; Increment pointer
1645:	11F2  56      	        LD      d,(hl)          ; Get captured piece/flags
1646:	11F3  DD2A0200	        LD      ix,(M2)         ; Load "to" pos board index
1647:	11F7  DD5EB4  	        LD      e,(ix+BOARD)    ; Get piece moved
1648:	11FA  CB6A    	        BIT     5,d             ; Was it a Pawn promotion ?
1649:	11FC  2033    	        JR      NZ,UM15         ; Yes - jump
1650:	11FE  7B      	        LD      a,e             ; Get piece moved
1651:	11FF  E607    	        AND     7               ; Clear flag bits
1652:	1201  FE05    	        CP      QUEEN           ; Was it a Queen ?
1653:	1203  2836    	        JR      Z,UM20          ; Yes - jump
1654:	1205  FE06    	        CP      KING            ; Was it a King ?
1655:	1207  2841    	        JR      Z,UM30          ; Yes - jump
1656:	1209  CB62    	UM5:    BIT     4,d             ; Is this 1st move for piece ?
1657:	120B  2029    	        JR      NZ,UM16         ; Yes - jump
1658:	120D  FD2A0000	UM6:    LD      iy,(M1)         ; Load "from" pos board index
1659:	1211  FD73B4  	        LD      (iy+BOARD),e    ; Return to previous board pos
1660:	1214  7A      	        LD      a,d             ; Get captured piece, if any
1661:	1215  E68F    	        AND     8FH             ; Clear flags
1662:	1217  DD77B4  	        LD      (ix+BOARD),a    ; Return to board
1663:	121A  CB72    	        BIT     6,d             ; Was it a double move ?
1664:	121C  2038    	        JR      NZ,UM40         ; Yes - jump
1665:	121E  7A      	        LD      a,d             ; Get captured piece, if any
1666:	121F  E607    	        AND     7               ; Clear flag bits
1667:	1221  FE05    	        CP      QUEEN           ; Was it a Queen ?
1668:	1223  C0      	        RET     NZ              ; No - return
1669:	1224  215001  	        LD      hl,POSQ         ; Address of saved Queen pos
1670:	1227  CB7A    	        BIT     7,d             ; Is Queen white ?
1671:	1229  2801    	        JR      Z,UM10          ; Yes - jump
1672:	122B  23      	        INC     hl              ; Increment to black Queen pos
1673:	122C  3A0200  	UM10:   LD      a,(M2)          ; Queen's previous position
1674:	122F  77      	        LD      (hl),a          ; Save
1675:	1230  C9      	        RET                     ; Return
1676:	1231  CB93    	UM15:   RES     2,e             ; Restore Queen to Pawn
1677:	1233  C30912  	        JP      UM5             ; Jump
1678:	1236  CB9B    	UM16:   RES     3,e             ; Clear piece moved flag
1679:	1238  C30D12  	        JP      UM6             ; Jump
1680:	123B  215001  	UM20:   LD      hl,POSQ         ; Addr of saved Queen position
1681:	123E  CB7B    	UM21:   BIT     7,e             ; Is Queen white ?
1682:	1240  2801    	        JR      Z,UM22          ; Yes - jump
1683:	1242  23      	        INC     hl              ; Increment to black Queen pos
1684:	1243  3A0000  	UM22:   LD      a,(M1)          ; Get previous position
1685:	1246  77      	        LD      (hl),a          ; Save
1686:	1247  C30912  	        JP      UM5             ; Jump
1687:	124A  214E01  	UM30:   LD      hl,POSK         ; Address of saved King pos
1688:	124D  CB72    	        BIT     6,d             ; Was it a castle ?
1689:	124F  28ED    	        JR      Z,UM21          ; No - jump
1690:	1251  CBA3    	        RES     4,e             ; Clear castled flag
1691:	1253  C33E12  	        JP      UM21            ; Jump
1692:	1256  2A1600  	UM40:   LD      hl,(MLPTRJ)     ; Load move list pointer
1693:	1259  110800  	        LD      de,8            ; Increment to next move
1694:	125C  19      	        ADD     hl,de
1695:	125D  C3E811  	        JP      UM1             ; Jump (2nd part of dbl move)
1696:			
1697:			;***********************************************************
1698:			; SORT ROUTINE
1699:			;***********************************************************
1700:			; FUNCTION:   --  To sort the move list in order of
1701:			;                 increasing move value scores.
1702:			;
1703:			; CALLED BY:  --  FNDMOV
1704:			;
1705:			; CALLS:      --  EVAL
1706:			;
1707:			; ARGUMENTS:  --  None
1708:			;***********************************************************
1709:	1260  ED4B1400	SORTM:  LD      bc,(MLPTRI)     ; Move list begin pointer
1710:	1264  110000  	        LD      de,0            ; Initialize working pointers
1711:	1267  60      	SR5:    LD      h,b
1712:	1268  69      	        LD      l,c
1713:	1269  4E      	        LD      c,(hl)          ; Link to next move
1714:	126A  23      	        INC     hl
1715:	126B  46      	        LD      b,(hl)
1716:	126C  72      	        LD      (hl),d          ; Store to link in list
1717:	126D  2B      	        DEC     hl
1718:	126E  73      	        LD      (hl),e
1719:	126F  AF      	        XOR     a               ; End of list ?
1720:	1270  B8      	        CP      b
1721:	1271  C8      	        RET     Z               ; Yes - return
1722:	1272  ED431600	SR10:   LD      (MLPTRJ),bc     ; Save list pointer
1723:	1276  CD9C12  	        CALL    EVAL            ; Evaluate move
1724:	1279  2A1400  	        LD      hl,(MLPTRI)     ; Begining of move list
1725:	127C  ED4B1600	        LD      bc,(MLPTRJ)     ; Restore list pointer
1726:	1280  5E      	SR15:   LD      e,(hl)          ; Next move for compare
1727:	1281  23      	        INC     hl
1728:	1282  56      	        LD      d,(hl)
1729:	1283  AF      	        XOR     a               ; At end of list ?
1730:	1284  BA      	        CP      d
1731:	1285  280B    	        JR      Z,SR25          ; Yes - jump
1732:	1287  D5      	        PUSH    de              ; Transfer move pointer
1733:	1288  DDE1    	        POP     ix
1734:	128A  3A2B00  	        LD      a,(VALM)        ; Get new move value
1735:	128D  DDBE05  	        CP      (ix+MLVAL)      ; Less than list value ?
1736:	1290  3006    	        JR      NC,SR30         ; No - jump
1737:	1292  70      	SR25:   LD      (hl),b          ; Link new move into list
1738:	1293  2B      	        DEC     hl
1739:	1294  71      	        LD      (hl),c
1740:	1295  C36712  	        JP      SR5             ; Jump
1741:	1298  EB      	SR30:   EX      de,hl           ; Swap pointers
1742:	1299  C38012  	        JP      SR15            ; Jump
1743:			
1744:			;***********************************************************
1745:			; EVALUATION ROUTINE
1746:			;***********************************************************
1747:			; FUNCTION:   --  To evaluate a given move in the move list.
1748:			;                 It first makes the move on the board, then if
1749:			;                 the move is legal, it evaluates it, and then
1750:			;                 restores the board position.
1751:			;
1752:			; CALLED BY:  --  SORT
1753:			;
1754:			; CALLS:      --  MOVE
1755:			;                 INCHK
1756:			;                 PINFND
1757:			;                 POINTS
1758:			;                 UNMOVE
1759:			;
1760:			; ARGUMENTS:  --  None
1761:			;***********************************************************
1762:	129C  CD7111  	EVAL:   CALL    MOVE            ; Make move on the board array
1763:	129F  CD980D  	        CALL    INCHK           ; Determine if move is legal
1764:	12A2  A7      	        AND     a               ; Legal move ?
1765:	12A3  2807    	        JR      Z,EV5           ; Yes - jump
1766:	12A5  AF      	        XOR     a               ; Score of zero
1767:	12A6  322B00  	        LD      (VALM),a        ; For illegal move
1768:	12A9  C3B212  	        JP      EV10            ; Jump
1769:	12AC  CDE20E  	EV5:    CALL    PINFND          ; Compile pinned list
1770:	12AF  CD0F10  	        CALL    POINTS          ; Assign points to move
1771:	12B2  CDE311  	EV10:   CALL    UNMOVE          ; Restore board array
1772:	12B5  C9      	        RET                     ; Return
1773:			
1774:			;***********************************************************
1775:			; FIND MOVE ROUTINE
1776:			;***********************************************************
1777:			; FUNCTION:   --  To determine the computer's best move by
1778:			;                 performing a depth first tree search using
1779:			;                 the techniques of alpha-beta pruning.
1780:			;
1781:			; CALLED BY:  --  CPTRMV
1782:			;
1783:			; CALLS:      --  PINFND
1784:			;                 POINTS
1785:			;                 GENMOV
1786:			;                 SORTM
1787:			;                 ASCEND
1788:			;                 UNMOVE
1789:			;
1790:			; ARGUMENTS:  --  None
1791:			;***********************************************************
1792:	12B6  3A2600  	FNDMOV: LD      a,(MOVENO)      ; Current move number
1793:	12B9  FE01    	        CP      1               ; First move ?
1794:	12BB  CC3C14  	        CALL    Z,BOOK          ; Yes - execute book opening
1795:	12BE  AF      	        XOR     a               ; Initialize ply number to zero
1796:	12BF  322800  	        LD      (NPLY),a
1797:	12C2  210000  	        LD      hl,0            ; Initialize best move to zero
1798:	12C5  221A00  	        LD      (BESTM),hl
1799:	12C8  210003  	        LD      hl,MLIST        ; Initialize ply list pointers
1800:	12CB  221E00  	        LD      (MLNXT),hl
1801:	12CE  215D01  	        LD      hl,PLYIX-2
1802:	12D1  221400  	        LD      (MLPTRI),hl
1803:	12D4  3A2000  	        LD      a,(KOLOR)       ; Initialize color
1804:	12D7  322100  	        LD      (COLOR),a
1805:	12DA  215301  	        LD      hl,SCORE        ; Initialize score index
1806:	12DD  221800  	        LD      (SCRIX),hl
1807:	12E0  3A2700  	        LD      a,(PLYMAX)      ; Get max ply number
1808:	12E3  C602    	        ADD     a,2             ; Add 2
1809:	12E5  47      	        LD      b,a             ; Save as counter
1810:	12E6  AF      	        XOR     a               ; Zero out score table
1811:	12E7  77      	back05: LD      (hl),a
1812:	12E8  23      	        INC     hl
1813:	12E9  10FC    	        DJNZ    back05
1814:	12EB  323100  	        LD      (BC0),a         ; Zero ply 0 board control
1815:	12EE  323200  	        LD      (MV0),a         ; Zero ply 0 material
1816:	12F1  CDE20E  	        CALL    PINFND          ; Compile pin list
1817:	12F4  CD0F10  	        CALL    POINTS          ; Evaluate board at ply 0
1818:	12F7  3A2C00  	        LD      a,(BRDC)        ; Get board control points
1819:	12FA  323100  	        LD      (BC0),a         ; Save
1820:	12FD  3A3000  	        LD      a,(MTRL)        ; Get material count
1821:	1300  323200  	        LD      (MV0),a         ; Save
1822:	1303  212800  	FM5:    LD      hl,NPLY         ; Address of ply counter
1823:	1306  34      	        INC     (hl)            ; Increment ply count
1824:	1307  AF      	        XOR     a               ; Initialize mate flag
1825:	1308  322A00  	        LD      (MATEF),a
1826:	130B  CD560D  	        CALL    GENMOV          ; Generate list of moves
1827:	130E  3A2800  	        LD      a,(NPLY)        ; Current ply counter
1828:	1311  212700  	        LD      hl,PLYMAX       ; Address of maximum ply number
1829:	1314  BE      	        CP      (hl)            ; At max ply ?
1830:	1315  DC6012  	        CALL    C,SORTM         ; No - call sort
1831:	1318  2A1400  	        LD      hl,(MLPTRI)     ; Load ply index pointer
1832:	131B  221600  	        LD      (MLPTRJ),hl     ; Save as last move pointer
1833:	131E  2A1600  	FM15:   LD      hl,(MLPTRJ)     ; Load last move pointer
1834:	1321  5E      	        LD      e,(hl)          ; Get next move pointer
1835:	1322  23      	        INC     hl
1836:	1323  56      	        LD      d,(hl)
1837:	1324  7A      	        LD      a,d
1838:	1325  A7      	        AND     a               ; End of move list ?
1839:	1326  2863    	        JR      Z,FM25          ; Yes - jump
1840:	1328  ED531600	        LD      (MLPTRJ),de     ; Save current move pointer
1841:	132C  2A1400  	        LD      hl,(MLPTRI)     ; Save in ply pointer list
1842:	132F  73      	        LD      (hl),e
1843:	1330  23      	        INC     hl
1844:	1331  72      	        LD      (hl),d
1845:	1332  3A2800  	        LD      a,(NPLY)        ; Current ply counter
1846:	1335  212700  	        LD      hl,PLYMAX       ; Maximum ply number ?
1847:	1338  BE      	        CP      (hl)            ; Compare
1848:	1339  3826    	        JR      C,FM18          ; Jump if not max
1849:	133B  CD7111  	        CALL    MOVE            ; Execute move on board array
1850:	133E  CD980D  	        CALL    INCHK           ; Check for legal move
1851:	1341  A7      	        AND     a               ; Is move legal
1852:	1342  2806    	        JR      Z,rel017        ; Yes - jump
1853:	1344  CDE311  	        CALL    UNMOVE          ; Restore board position
1854:	1347  C31E13  	        JP      FM15            ; Jump
1855:	134A  3A2800  	rel017: LD      a,(NPLY)        ; Get ply counter
1856:	134D  212700  	        LD      hl,PLYMAX       ; Max ply number
1857:	1350  BE      	        CP      (hl)            ; Beyond max ply ?
1858:	1351  2065    	        JR      NZ,FM35         ; Yes - jump
1859:	1353  3A2100  	        LD      a,(COLOR)       ; Get current color
1860:	1356  EE80    	        XOR     80H             ; Get opposite color
1861:	1358  CD9B0D  	        CALL    INCHK1          ; Determine if King is in check
1862:	135B  A7      	        AND     a               ; In check ?
1863:	135C  285A    	        JR      Z,FM35          ; No - jump
1864:	135E  C36E13  	        JP      FM19            ; Jump (One more ply for check)
1865:	1361  DD2A1600	FM18:   LD      ix,(MLPTRJ)     ; Load move pointer
1866:	1365  DD7E05  	        LD      a,(ix+MLVAL)    ; Get move score
1867:	1368  A7      	        AND     a               ; Is it zero (illegal move) ?
1868:	1369  28B3    	        JR      Z,FM15          ; Yes - jump
1869:	136B  CD7111  	        CALL    MOVE            ; Execute move on board array
1870:	136E  212100  	FM19:   LD      hl,COLOR        ; Toggle color
1871:	1371  3E80    	        LD      a,80H
1872:	1373  AE      	        XOR     (hl)
1873:	1374  77      	        LD      (hl),a          ; Save new color
1874:	1375  CB7F    	        BIT     7,a             ; Is it white ?
1875:	1377  2004    	        JR      NZ,rel018       ; No - jump
1876:	1379  212600  	        LD      hl,MOVENO       ; Increment move number
1877:	137C  34      	        INC     (hl)
1878:	137D  2A1800  	rel018: LD      hl,(SCRIX)      ; Load score table pointer
1879:	1380  7E      	        LD      a,(hl)          ; Get score two plys above
1880:	1381  23      	        INC     hl              ; Increment to current ply
1881:	1382  23      	        INC     hl
1882:	1383  77      	        LD      (hl),a          ; Save score as initial value
1883:	1384  2B      	        DEC     hl              ; Decrement pointer
1884:	1385  221800  	        LD      (SCRIX),hl      ; Save it
1885:	1388  C30313  	        JP      FM5             ; Jump
1886:	138B  3A2A00  	FM25:   LD      a,(MATEF)       ; Get mate flag
1887:	138E  A7      	        AND     a               ; Checkmate or stalemate ?
1888:	138F  2013    	        JR      NZ,FM30         ; No - jump
1889:	1391  3A2900  	        LD      a,(CKFLG)       ; Get check flag
1890:	1394  A7      	        AND     a               ; Was King in check ?
1891:	1395  3E80    	        LD      a,80H           ; Pre-set stalemate score
1892:	1397  282B    	        JR      Z,FM36          ; No - jump (stalemate)
1893:	1399  3A2600  	        LD      a,(MOVENO)      ; Get move number
1894:	139C  322500  	        LD      (PMATE),a       ; Save
1895:	139F  3EFF    	        LD      a,0FFH          ; Pre-set checkmate score
1896:	13A1  C3C413  	        JP      FM36            ; Jump
1897:	13A4  3A2800  	FM30:   LD      a,(NPLY)        ; Get ply counter
1898:	13A7  FE01    	        CP      1               ; At top of tree ?
1899:	13A9  C8      	        RET     Z               ; Yes - return
1900:	13AA  CD0814  	        CALL    ASCEND          ; Ascend one ply in tree
1901:	13AD  2A1800  	        LD      hl,(SCRIX)      ; Load score table pointer
1902:	13B0  23      	        INC     hl              ; Increment to current ply
1903:	13B1  23      	        INC     hl
1904:	13B2  7E      	        LD      a,(hl)          ; Get score
1905:	13B3  2B      	        DEC     hl              ; Restore pointer
1906:	13B4  2B      	        DEC     hl
1907:	13B5  C3CC13  	        JP      FM37            ; Jump
1908:	13B8  CDE20E  	FM35:   CALL    PINFND          ; Compile pin list
1909:	13BB  CD0F10  	        CALL    POINTS          ; Evaluate move
1910:	13BE  CDE311  	        CALL    UNMOVE          ; Restore board position
1911:	13C1  3A2B00  	        LD      a,(VALM)        ; Get value of move
1912:	13C4  212A00  	FM36:   LD      hl,MATEF        ; Set mate flag
1913:	13C7  CBC6    	        SET     0,(hl)
1914:	13C9  2A1800  	        LD      hl,(SCRIX)      ; Load score table pointer
1915:	13CC          	FM37:
1916:	13CC  BE      	        CP      (hl)            ; Compare to score 2 ply above
1917:	13CD  3833    	        JR      C,FM40          ; Jump if less
1918:	13CF  2831    	        JR      Z,FM40          ; Jump if equal
1919:	13D1  ED44    	        NEG                     ; Negate score
1920:	13D3  23      	        INC     hl              ; Incr score table pointer
1921:	13D4  BE      	        CP      (hl)            ; Compare to score 1 ply above
1922:	13D5  DA1E13  	        JP      C,FM15          ; Jump if less than
1923:	13D8  CA1E13  	        JP      Z,FM15          ; Jump if equal
1924:	13DB  77      	        LD      (hl),a          ; Save as new score 1 ply above
1925:	13DC  3A2800  	        LD      a,(NPLY)        ; Get current ply counter
1926:	13DF  FE01    	        CP      1               ; At top of tree ?
1927:	13E1  C21E13  	        JP      NZ,FM15         ; No - jump
1928:	13E4  2A1600  	        LD      hl,(MLPTRJ)     ; Load current move pointer
1929:	13E7  221A00  	        LD      (BESTM),hl      ; Save as best move pointer
1930:	13EA  3A5401  	        LD      a,(SCORE+1)     ; Get best move score
1931:	13ED  FEFF    	        CP      0FFH            ; Was it a checkmate ?
1932:	13EF  C21E13  	        JP      NZ,FM15         ; No - jump
1933:	13F2  212700  	        LD      hl,PLYMAX       ; Get maximum ply number
1934:	13F5  35      	        DEC     (hl)            ; Subtract 2
1935:	13F6  35      	        DEC     (hl)
1936:	13F7  3A2000  	        LD      a,(KOLOR)       ; Get computer's color
1937:	13FA  CB7F    	        BIT     7,a             ; Is it white ?
1938:	13FC  C8      	        RET     Z               ; Yes - return
1939:	13FD  212500  	        LD      hl,PMATE        ; Checkmate move number
1940:	1400  35      	        DEC     (hl)            ; Decrement
1941:	1401  C9      	        RET                     ; Return
1942:	1402  CD0814  	FM40:   CALL    ASCEND          ; Ascend one ply in tree
1943:	1405  C31E13  	        JP      FM15            ; Jump
1944:			
1945:			;***********************************************************
1946:			; ASCEND TREE ROUTINE
1947:			;***********************************************************
1948:			; FUNCTION:  --  To adjust all necessary parameters to
1949:			;                ascend one ply in the tree.
1950:			;
1951:			; CALLED BY: --  FNDMOV
1952:			;
1953:			; CALLS:     --  UNMOVE
1954:			;
1955:			; ARGUMENTS: --  None
1956:			;***********************************************************
1957:	1408  212100  	ASCEND: LD      hl,COLOR        ; Toggle color
1958:	140B  3E80    	        LD      a,80H
1959:	140D  AE      	        XOR     (hl)
1960:	140E  77      	        LD      (hl),a          ; Save new color
1961:	140F  CB7F    	        BIT     7,a             ; Is it white ?
1962:	1411  2804    	        JR      Z,rel019        ; Yes - jump
1963:	1413  212600  	        LD      hl,MOVENO       ; Decrement move number
1964:	1416  35      	        DEC     (hl)
1965:	1417  2A1800  	rel019: LD      hl,(SCRIX)      ; Load score table index
1966:	141A  2B      	        DEC     hl              ; Decrement
1967:	141B  221800  	        LD      (SCRIX),hl      ; Save
1968:	141E  212800  	        LD      hl,NPLY         ; Decrement ply counter
1969:	1421  35      	        DEC     (hl)
1970:	1422  2A1400  	        LD      hl,(MLPTRI)     ; Load ply list pointer
1971:	1425  2B      	        DEC     hl              ; Load pointer to move list top
1972:	1426  56      	        LD      d,(hl)
1973:	1427  2B      	        DEC     hl
1974:	1428  5E      	        LD      e,(hl)
1975:	1429  ED531E00	        LD      (MLNXT),de      ; Update move list avail ptr
1976:	142D  2B      	        DEC     hl              ; Get ptr to next move to undo
1977:	142E  56      	        LD      d,(hl)
1978:	142F  2B      	        DEC     hl
1979:	1430  5E      	        LD      e,(hl)
1980:	1431  221400  	        LD      (MLPTRI),hl     ; Save new ply list pointer
1981:	1434  ED531600	        LD      (MLPTRJ),de     ; Save next move pointer
1982:	1438  CDE311  	        CALL    UNMOVE          ; Restore board to previous ply
1983:	143B  C9      	        RET                     ; Return
1984:			
1985:			;***********************************************************
1986:			; ONE MOVE BOOK OPENING
1987:			; **********************************************************
1988:			; FUNCTION:   --  To provide an opening book of a single
1989:			;                 move.
1990:			;
1991:			; CALLED BY:  --  FNDMOV
1992:			;
1993:			; CALLS:      --  None
1994:			;
1995:			; ARGUMENTS:  --  None
1996:			;***********************************************************
1997:	143C  F1      	BOOK:   POP     af              ; Abort return to FNDMOV
1998:	143D  215401  	        LD      hl,SCORE+1      ; Zero out score
1999:	1440  3600    	        LD      (hl),0          ; Zero out score table
2000:	1442  213200  	        LD      hl,BMOVES-2     ; Init best move ptr to book
2001:	1445  221A00  	        LD      (BESTM),hl
2002:	1448  211A00  	        LD      hl,BESTM        ; Initialize address of pointer
2003:	144B  3A2000  	        LD      a,(KOLOR)       ; Get computer's color
2004:	144E  A7      	        AND     a               ; Is it white ?
2005:	144F  2009    	        JR      NZ,BM5          ; No - jump
2006:	1451  ED5F    	        LD      a,r             ; Load refresh reg (random no)
2007:	1453  CB47    	        BIT     0,a             ; Test random bit
2008:	1455  C8      	        RET     Z               ; Return if zero (P-K4)
2009:	1456  34      	        INC     (hl)            ; P-Q4
2010:	1457  34      	        INC     (hl)
2011:	1458  34      	        INC     (hl)
2012:	1459  C9      	        RET                     ; Return
2013:	145A  34      	BM5:    INC     (hl)            ; Increment to black moves
2014:	145B  34      	        INC     (hl)
2015:	145C  34      	        INC     (hl)
2016:	145D  34      	        INC     (hl)
2017:	145E  34      	        INC     (hl)
2018:	145F  34      	        INC     (hl)
2019:	1460  DD2A1600	        LD      ix,(MLPTRJ)     ; Pointer to opponents 1st move
2020:	1464  DD7E02  	        LD      a,(ix+MLFRP)    ; Get "from" position
2021:	1467  FE16    	        CP      22              ; Is it a Queen Knight move ?
2022:	1469  280C    	        JR      Z,BM9           ; Yes - Jump
2023:	146B  FE1B    	        CP      27              ; Is it a King Knight move ?
2024:	146D  2808    	        JR      Z,BM9           ; Yes - jump
2025:	146F  FE22    	        CP      34              ; Is it a Queen Pawn ?
2026:	1471  2804    	        JR      Z,BM9           ; Yes - jump
2027:	1473  D8      	        RET     C               ; If Queen side Pawn opening -
2028:			                                ; return (P-K4)
2029:	1474  FE23    	        CP      35              ; Is it a King Pawn ?
2030:	1476  C8      	        RET     Z               ; Yes - return (P-K4)
2031:	1477  34      	BM9:    INC     (hl)            ; (P-Q4)
2032:	1478  34      	        INC     (hl)
2033:	1479  34      	        INC     (hl)
2034:	147A  C9      	        RET                     ; Return to CPTRMV
2035:			
2036:			;*******************************************************
2037:			; GRAPHICS DATA BASE
2038:			;*******************************************************
2039:			; DESCRIPTION:  The Graphics Data Base contains the
2040:			;               necessary stored data to produce the piece
2041:			;               on the board. Only the center 4 x 4 blocks are
2042:			;               stored and only for a Black Piece on a White
2043:			;               square. A White piece on a black square is
2044:			;               produced by complementing each block, and a
2045:			;               piece on its own color square is produced
2046:			;               by moving in a kernel of 6 blocks.
2047:			;*******************************************************
2048:	0180          	        ORG     START+384
2049:	0200          	BLBASE  EQU     START+512
2050:	FF80          	BLOCK   EQU     $-BLBASE
2051:	0180  80808080	        DB      $80,$80,$80,$80 ; Black Pawn on White square
2052:	0184  80A09080	        DB      $80,$A0,$90,$80
2053:	0188  80AF9F80	        DB      $80,$AF,$9F,$80
2054:	018C  80838380	        DB      $80,$83,$83,$80
2055:	0190  80B0B080	        DB      $80,$B0,$B0,$80 ; Black Knight on White square
2056:	0194  BEBFBF95	        DB      $BE,$BF,$BF,$95
2057:	0198  A0BEBF85	        DB      $A0,$BE,$BF,$85
2058:	019C  83838381	        DB      $83,$83,$83,$81
2059:	01A0  80A00080	        DB      $80,$A0,$00,$80 ; Black Bishop on White square
2060:	01A4  A8BFBD80	        DB      $A8,$BF,$BD,$80
2061:	01A8  82AF8780	        DB      $82,$AF,$87,$80
2062:	01AC  82838380	        DB      $82,$83,$83,$80
2063:	01B0  80808080	        DB      $80,$80,$80,$80 ; Black Rook on White square
2064:	01B4  8ABEBD85	        DB      $8A,$BE,$BD,$85
2065:	01B8  80BFBF80	        DB      $80,$BF,$BF,$80
2066:	01BC  82838381	        DB      $82,$83,$83,$81
2067:	01C0  90808090	        DB      $90,$80,$80,$90 ; Black Queen on White square
2068:	01C4  BFB4BE95	        DB      $BF,$B4,$BE,$95
2069:	01C8  8BBF9F81	        DB      $8B,$BF,$9F,$81
2070:	01CC  83838381	        DB      $83,$83,$83,$81
2071:	01D0  80B89080	        DB      $80,$B8,$90,$80 ; Black King on White square
2072:	01D4  BCBAB894	        DB      $BC,$BA,$B8,$94
2073:	01D8  AFBFBF85	        DB      $AF,$BF,$BF,$85
2074:	01DC  83838381	        DB      $83,$83,$83,$81
2075:	01E0  90B0B080	        DB      $90,$B0,$B0,$80 ; Toppled Black King
2076:	01E4  BFBFB780	        DB      $BF,$BF,$B7,$80
2077:	01E8  9FBFBD80	        DB      $9F,$BF,$BD,$80
2078:	01EC  8080889D	        DB      $80,$80,$88,$9D
2079:	FFF0          	KERNEL  EQU     $-BLBASE
2080:	01F0  BF9FAFBF	        DB      $BF,$9F,$AF,$BF,$9A,$A5 ; Pawn Kernel
	      9AA5
2081:	01F6  89AFBF9F	        DB      $89,$AF,$BF,$9F,$B9,$9F ; Knight Kernel
	      B99F
2082:	01FC  97BE96BD	        DB      $97,$BE,$96,$BD,$9B,$B9 ; Bishop Kernel
	      9BB9
2083:	0202  B5A192BF	        DB      $B5,$A1,$92,$BF,$AA,$95 ; Rook Kernel
	      AA95
2084:	0208  A89BB9B6	        DB      $A8,$9B,$B9,$B6,$AF,$A7 ; Queen Kernel
	      AFA7
2085:	020E  A385A79A	        DB      $A3,$85,$A7,$9A,$BF,$9F ; King Kernel
	      BF9F
2086:	0214  A8BF89A2	        DB      $A8,$BF,$89,$A2,$8F,$86 ; Toppled King Kernel
	      8F86
2087:			
2088:			;*******************************************************
2089:			; STANDARD MESSAGES
2090:			;*******************************************************
2091:	1800          	        ORG     START+1800H
2092:	1800  57454C43	GRTTNG  DB      "WELCOME TO CHESS! CARE FOR A GAME?"
	      4F4D4520
	      544F2043
	      48455353
	      21204341
	      52452046
	      4F522041
	      2047414D
	      453F
2093:	1822  574F554C	ANAMSG  DB      "WOULD YOU LIKE TO ANALYZE A POSITION?"
	      4420594F
	      55204C49
	      4B452054
	      4F20414E
	      414C595A
	      45204120
	      504F5349
	      54494F4E
	      3F
2094:	1847  444F2059	CLRMSG  DB      "DO YOU WANT TO PLAY WHITE(w) OR BLACK(b)?"
	      4F552057
	      414E5420
	      544F2050
	      4C415920
	      57484954
	      45287729
	      204F5220
	      424C4143
	      4B286229
	      3F
2095:	1870  53415247	TITLE1  DB      "SARGON"
	      4F4E
2096:	1876  504C4159	TITLE2  DB      "PLAYER"
	      4552
2097:	187C  20202020	SPACE   DB      "          "    ; For output of blank area
	      20202020
	      2020
2098:	1886  303120  	MVENUM  DB      "01 "
2099:	1889  2020    	TITLE3  DB      "  "
2100:	188B  5B835D  	        DB      '[',$83,']'     ; Part of TITLE 3 - Underlines
2101:	188E  5B835D  	        DB      '[',$83,']'
2102:	1891  5B835D  	        DB      '[',$83,']'
2103:	1894  5B835D  	        DB      '[',$83,']'
2104:	1897  5B835D  	        DB      '[',$83,']'
2105:	189A  5B835D  	        DB      '[',$83,']'
2106:	189D  20      	        DB      " "
2107:	189E  5B835D  	        DB      '[',$83,']'
2108:	18A1  5B835D  	        DB      '[',$83,']'
2109:	18A4  5B835D  	        DB      '[',$83,']'
2110:	18A7  5B835D  	        DB      '[',$83,']'
2111:	18AA  5B835D  	        DB      '[',$83,']'
2112:	18AD  5B835D  	        DB      '[',$83,']'
2113:	18B0  20      	        DB      " "
2114:	18B1  61312D61	MVEMSG  DB      "a1-a1"
	      31
2115:	18B6  302D3020	O_O     DB      "0-0  "
	      20
2116:	18BB  302D302D	O_O_O   DB      "0-0-0"
	      30
2117:	18C0  43484543	CKMSG   DB      "CHECK"
	      4B
2118:	18C5  4D415445	MTMSG   DB      "MATE IN "
	      20494E20
2119:	18CD  32      	MTPL    DB      "2"
2120:	18CE  4B515242	PCS     DB      "KQRBNP"        ; Valid piece characters
	      4E50
2121:	18D4  594F5520	UWIN    DB      "YOU WIN"
	      57494E
2122:	18DB  49205749	IWIN    DB      "I WIN"
	      4E
2123:	18E0  43415245	AGAIN   DB      "CARE FOR ANOTHER GAME?"
	      20464F52
	      20414E4F
	      54484552
	      2047414D
	      453F
2124:	18F6  49532054	CRTNES  DB      "IS THIS RIGHT?"
	      48495320
	      52494748
	      543F
2125:	1904  53454C45	PLYDEP  DB      "SELECT LOOK AHEAD (1-6)"
	      4354204C
	      4F4F4B20
	      41484541
	      44202831
	      2D3629
2126:	191B  20202020	TITLE4  DB      "                "
	      20202020
	      20202020
	      20202020
2127:	192B  57484F53	WSMOVE  DB      "WHOSE MOVE IS IT?"
	      45204D4F
	      56452049
	      53204954
	      3F
2128:	193C  5B1C5D  	BLANKR  DB      '[',$1C,']'     ; Control-\
2129:	193F  50785065	P_PEP   DB      "PxPep"
	      70
2130:	1944  494E5641	INVAL1  DB      "INVALID MOVE"
	      4C494420
	      4D4F5645
2131:	1950  54525920	INVAL2  DB      "TRY AGAIN"
	      41474149
	      4E
2132:			
2133:			;*******************************************************
2134:			; VARIABLES
2135:			;*******************************************************
2136:	1959          	BRDPOS  DS      1               ; Index into the board array
2137:	195A          	ANBDPS  DS      1               ; Additional index required for ANALYS
2138:	195B  0002    	INDXER  DW      BLBASE          ; Index into graphics data base
2139:	195D          	NORMAD  DS      2               ; The address of the upper left hand
2140:			                                ; corner of the square on the board
2141:	195F  00      	LINECT  DB      0               ; Current line number
2142:			
2143:			;*******************************************************
2144:			; MACRO DEFINITIONS
2145:			;*******************************************************
2146:			; All input/output to SARGON is handled in the form of
2147:			; macro calls to simplify conversion to alternate systems.
2148:			; All of the input/output macros conform to the Jove monitor
2149:			; of the Jupiter III computer.
2150:			;*******************************************************
2151:			;*** OUTPUT <CR><LF> ***
2152:			CARRET  MACRO
2153:			        RST     38h
2154:			        DB      92H,1AH
2155:			        DW      0
2156:			        ENDM
2157:			
2158:			;*** CLEAR SCREEN ***
2159:			CLRSCR  MACRO
2160:			        RST     38h
2161:			        DB      0B2H,1AH
2162:			        DW      BLANKR,1
2163:			        ENDM
2164:			
2165:			;*** PRINT ANY LINE (NAME, LENGTH) ***
2166:			PRTLIN  MACRO   NAME,LNGTH
2167:			        RST     38h
2168:			        DB      0B2H,1AH
2169:			        DW      NAME,LNGTH
2170:			        ENDM
2171:			
2172:			;*** PRINT ANY BLOCK (NAME, LENGTH) ***
2173:			PRTBLK  MACRO   NAME,LNGTH
2174:			        RST     38h
2175:			        DB      0B3H,1AH
2176:			        DW      NAME,LNGTH
2177:			        ENDM
2178:			
2179:			;*** EXIT TO MONITOR ***
2180:			EXIT    MACRO
2181:			        RST     38h
2182:			        DB      01FH
2183:			        ENDM
2184:			
2185:			;***********************************************************
2186:			; MAIN PROGRAM DRIVER
2187:			;***********************************************************
2188:			; FUNCTION:   --  To coordinate the game moves.
2189:			;
2190:			; CALLED BY:  --  None
2191:			;
2192:			; CALLS:      --  INTERR
2193:			;                 INITBD
2194:			;                 DSPBRD
2195:			;                 CPTRMV
2196:			;                 PLYRMV
2197:			;                 TBCPCL
2198:			;                 PGIFND
2199:			;
2200:			; MACRO CALLS:    CLRSCR
2201:			;                 CARRET
2202:			;                 PRTLIN
2203:			;                 PRTBLK
2204:			;
2205:			; ARGUMENTS:      None
2206:			;***********************************************************
2207:	1A00          	        ORG     START+1A00H     ; Above the move logic
2208:	1A00  31FF02  	DRIVER: LD      sp,STACK        ; Set stack pointer
2209:	1A03' FFB21A3C	        CLRSCR                  ; Blank out screen
	      190100
2210:	1A0A' FFB21A00	        PRTLIN  GRTTNG,34       ; Output greeting
	      182200
2211:	1A11  CD431D  	DRIV01: CALL    CHARTR          ; Accept answer
2212:	1A14' FF921A00	        CARRET                  ; New line
	      00
2213:	1A19  FE59    	        CP      59H             ; Is it a 'Y' ?
2214:	1A1B  C2B81D  	        JP      NZ,ANALYS       ; Yes - jump
2215:	1A1E  97      	        SUB     a               ; Code of White is zero
2216:	1A1F  322100  	        LD      (COLOR),a       ; White always moves first
2217:	1A22  CDB91A  	        CALL    INTERR          ; Players color/search depth
2218:	1A25  CD000B  	        CALL    INITBD          ; Initialize board array
2219:	1A28  3E01    	        LD      a,1             ; Move number is 1 at at start
2220:	1A2A  322600  	        LD      (MOVENO),a      ; Save
2221:	1A2D  325F19  	        LD      (LINECT),a      ; Line number is one at start
2222:	1A30  218618  	        LD      hl,MVENUM       ; Address of ascii move number
2223:	1A33  3630    	        LD      (hl),30H        ; Init to '01 '
2224:	1A35  23      	        INC     hl
2225:	1A36  3631    	        LD      (hl),31H
2226:	1A38  23      	        INC     hl
2227:	1A39  3620    	        LD      (hl),20H
2228:	1A3B  CDDB1E  	        CALL    DSPBRD          ; Set up graphics board
2229:	1A3E' FFB21A1B	        PRTLIN  TITLE4,15       ; Put up player headings
	      190F00
2230:	1A45' FFB21A89	        PRTLIN  TITLE3,15
	      180F00
2231:	1A4C' FFB31A86	DRIV04: PRTBLK  MVENUM,3        ; Display move number
	      180300
2232:	1A53  3A2000  	        LD      a,(KOLOR)       ; Bring in computer's color
2233:	1A56  A7      	        AND     a               ; Is it white ?
2234:	1A57  201C    	        JR      NZ,DR08         ; No - jump
2235:	1A59  CD5D1D  	        CALL    PGIFND          ; New page if needed
2236:	1A5C  FE01    	        CP      1               ; Was page turned ?
2237:	1A5E  CC261C  	        CALL    Z,TBCPCL        ; Yes - Tab to computers column
2238:	1A61  CD211B  	        CALL    CPTRMV          ; Make and write computers move
2239:	1A64' FFB31A7C	        PRTBLK  SPACE,1         ; Output a space
	      180100
2240:	1A6B  CD711C  	        CALL    PLYRMV          ; Accept and make players move
2241:	1A6E' FF921A00	        CARRET                  ; New line
	      00
2242:	1A73  181A    	        JR      DR0C            ; Jump
2243:	1A75  CD711C  	DR08:   CALL    PLYRMV          ; Accept and make players move
2244:	1A78' FFB31A7C	        PRTBLK  SPACE,1         ; Output a space
	      180100
2245:	1A7F  CD5D1D  	        CALL    PGIFND          ; New page if needed
2246:	1A82  FE01    	        CP      1               ; Was page turned ?
2247:	1A84  CC261C  	        CALL    Z,TBCPCL        ; Yes - Tab to computers column
2248:	1A87  CD211B  	        CALL    CPTRMV          ; Make and write computers move
2249:	1A8A' FF921A00	        CARRET                  ; New line
	      00
2250:	1A8F  218818  	DR0C:   LD      hl,MVENUM+2     ; Addr of 3rd char of move
2251:	1A92  3E20    	        LD      a,20H           ; Ascii space
2252:	1A94  BE      	        CP      (hl)            ; Is char a space ?
2253:	1A95  3E3A    	        LD      a,3AH           ; Set up test value
2254:	1A97  2806    	        JR      Z,DR10          ; Yes - jump
2255:	1A99  34      	        INC     (hl)            ; Increment value
2256:	1A9A  BE      	        CP      (hl)            ; Over Ascii 9 ?
2257:	1A9B  2015    	        JR      NZ,DR14         ; No - jump
2258:	1A9D  3630    	        LD      (hl),30H        ; Set char to zero
2259:	1A9F  2B      	DR10:   DEC     hl              ; 2nd char of Ascii move no.
2260:	1AA0  34      	        INC     (hl)            ; Increment value
2261:	1AA1  BE      	        CP      (hl)            ; Over Ascii 9 ?
2262:	1AA2  200E    	        JR      NZ,DR14         ; No - jump
2263:	1AA4  3630    	        LD      (hl),30H        ; Set char to zero
2264:	1AA6  2B      	        DEC     hl              ; 1st char of Ascii move no.
2265:	1AA7  34      	        INC     (hl)            ; Increment value
2266:	1AA8  BE      	        CP      (hl)            ; Over Ascii 9 ?
2267:	1AA9  2007    	        JR      NZ,DR14         ; No - jump
2268:	1AAB  3631    	        LD      (hl),31H        ; Make 1st char a one
2269:	1AAD  3E30    	        LD      a,30H           ; Make 3rd char a zero
2270:	1AAF  328818  	        LD      (MVENUM+2),a
2271:	1AB2  212600  	DR14:   LD      hl,MOVENO       ; Hexadecimal move number
2272:	1AB5  34      	        INC     (hl)            ; Increment
2273:	1AB6  C34C1A  	        JP      DRIV04          ; Jump
2274:			
2275:			;***********************************************************
2276:			; INTERROGATION FOR PLY & COLOR
2277:			;***********************************************************
2278:			; FUNCTION:   --  To query the player for his choice of ply
2279:			;                 depth and color.
2280:			;
2281:			; CALLED BY:  --  DRIVER
2282:			;
2283:			; CALLS:      --  CHARTR
2284:			;
2285:			; MACRO CALLS:    PRTLIN
2286:			;                 CARRET
2287:			;
2288:			; ARGUMENTS:  --  None
2289:			;***********************************************************
2290:	1AB9' FFB21A47	INTERR: PRTLIN  CLRMSG,41       ; Request color choice
	      182900
2291:	1AC0  CD431D  	        CALL    CHARTR          ; Accept response
2292:	1AC3' FF921A00	        CARRET                  ; New line
	      00
2293:	1AC8  FE57    	        CP      57H             ; Did player request white ?
2294:	1ACA  281C    	        JR      Z,IN04          ; Yes - branch
2295:	1ACC  97      	        SUB     a               ; Set computers color to white
2296:	1ACD  322000  	        LD      (KOLOR),a
2297:	1AD0  217018  	        LD      hl,TITLE1       ; Prepare move list titles
2298:	1AD3  111D19  	        LD      de,TITLE4+2
2299:	1AD6  010600  	        LD      bc,6
2300:	1AD9  EDB0    	        LDIR
2301:	1ADB  217618  	        LD      hl,TITLE2
2302:	1ADE  112419  	        LD      de,TITLE4+9
2303:	1AE1  010600  	        LD      bc,6
2304:	1AE4  EDB0    	        LDIR
2305:	1AE6  181B    	        JR      IN08            ; Jump
2306:	1AE8  3E80    	IN04:   LD      a,80H           ; Set computers color to black
2307:	1AEA  322000  	        LD      (KOLOR),a
2308:	1AED  217618  	        LD      hl,TITLE2       ; Prepare move list titles
2309:	1AF0  111D19  	        LD      de,TITLE4+2
2310:	1AF3  010600  	        LD      bc,6
2311:	1AF6  EDB0    	        LDIR
2312:	1AF8  217018  	        LD      hl,TITLE1
2313:	1AFB  112419  	        LD      de,TITLE4+9
2314:	1AFE  010600  	        LD      bc,6
2315:	1B01  EDB0    	        LDIR
2316:	1B03' FFB21A04	IN08:   PRTLIN  PLYDEP,23       ; Request depth of search
	      191700
2317:	1B0A  CD431D  	        CALL    CHARTR          ; Accept response
2318:	1B0D' FF921A00	        CARRET                  ; New line
	      00
2319:	1B12  212700  	        LD      hl,PLYMAX       ; Address of ply depth variabl
2320:	1B15  3602    	        LD      (hl),2          ; Default depth of search
2321:	1B17  FE31    	        CP      31H             ; Under minimum of 1 ?
2322:	1B19  F8      	        RET     M               ; Yes - return
2323:	1B1A  FE37    	        CP      37H             ; Over maximum of 6 ?
2324:	1B1C  F0      	        RET     P               ; Yes - return
2325:	1B1D  D630    	        SUB     30H             ; Subtract Ascii constant
2326:	1B1F  77      	        LD      (hl),a          ; Set desired depth
2327:	1B20  C9      	        RET                     ; Return
2328:			
2329:			;***********************************************************
2330:			; COMPUTER MOVE ROUTINE
2331:			;***********************************************************
2332:			; FUNCTION:   --  To control the search for the computers move
2333:			;                 and the display of that move on the board
2334:			;                 and in the move list.
2335:			;
2336:			; CALLED BY:  --  DRIVER
2337:			;
2338:			; CALLS:      --  FNDMOV
2339:			;                 FCDMAT
2340:			;                 MOVE
2341:			;                 EXECMV
2342:			;                 BITASN
2343:			;                 INCHK
2344:			;
2345:			; MACRO CALLS:    PRTBLK
2346:			;                 CARRET
2347:			;
2348:			; ARGUMENTS:  --  None
2349:			;***********************************************************
2350:	1B21  CDB612  	CPTRMV: CALL    FNDMOV          ; Select best move
2351:	1B24  2A1A00  	        LD      hl,(BESTM)      ; Move list pointer variable
2352:	1B27  221600  	        LD      (MLPTRJ),hl     ; Pointer to move data
2353:	1B2A  3A5401  	        LD      a,(SCORE+1)     ; To check for mates
2354:	1B2D  FE01    	        CP      1               ; Mate against computer ?
2355:	1B2F  2005    	        JR      NZ,CP0C         ; No - jump
2356:	1B31  0E01    	        LD      c,1             ; Computer mate flag
2357:	1B33  CDAF1B  	        CALL    FCDMAT          ; Full checkmate ?
2358:	1B36  CD7111  	CP0C:   CALL    MOVE            ; Produce move on board array
2359:	1B39  CD5E20  	        CALL    EXECMV          ; Make move on graphics board
2360:			                                ; and return info about it
2361:	1B3C  78      	        LD      a,b             ; Special move flags
2362:	1B3D  A7      	        AND     a               ; Special ?
2363:	1B3E  2017    	        JR      NZ,CP10         ; Yes - jump
2364:	1B40  53      	        LD      d,e             ; "To" position of the move
2365:	1B41  CD621C  	        CALL    BITASN          ; Convert to Ascii
2366:	1B44  22B418  	        LD      (MVEMSG+3),hl   ; Put in move message
2367:	1B47  51      	        LD      d,c             ; "From" position of the move
2368:	1B48  CD621C  	        CALL    BITASN          ; Convert to Ascii
2369:	1B4B  22B118  	        LD      (MVEMSG),hl     ; Put in move message
2370:	1B4E' FFB31AB1	        PRTBLK  MVEMSG,5        ; Output text of move
	      180500
2371:	1B55  1821    	        JR      CP1C            ; Jump
2372:	1B57  CB48    	CP10:   BIT     1,b             ; King side castle ?
2373:	1B59  2809    	        JR      Z,rel020        ; No - jump
2374:	1B5B' FFB31AB6	        PRTBLK  O_O,5           ; Output "O-O"
	      180500
2375:	1B62  1814    	        JR      CP1C            ; Jump
2376:	1B64  CB50    	rel020: BIT     2,b             ; Queen side castle ?
2377:	1B66  2809    	        JR      Z,rel021        ; No - jump
2378:	1B68' FFB31ABB	        PRTBLK  O_O_O,5         ; Output "O-O-O"
	      180500
2379:	1B6F  1807    	        JR      CP1C            ; Jump
2380:	1B71' FFB31A3F	rel021: PRTBLK  P_PEP,5         ; Output "PxPep" - En passant
	      190500
2381:	1B78  3A2100  	CP1C:   LD      a,(COLOR)       ; Should computer call check ?
2382:	1B7B  47      	        LD      b,a
2383:	1B7C  EE80    	        XOR     80H             ; Toggle color
2384:	1B7E  322100  	        LD      (COLOR),a
2385:	1B81  CD980D  	        CALL    INCHK           ; Check for check
2386:	1B84  A7      	        AND     a               ; Is enemy in check ?
2387:	1B85  78      	        LD      a,b             ; Restore color
2388:	1B86  322100  	        LD      (COLOR),a
2389:	1B89  2818    	        JR      Z,CP24          ; No - return
2390:	1B8B' FF921A00	        CARRET                  ; New line
	      00
2391:	1B90  3A5401  	        LD      a,(SCORE+1)     ; Check for player mated
2392:	1B93  FEFF    	        CP      0FFH            ; Forced mate ?
2393:	1B95  C44E1C  	        CALL    NZ,TBCPMV       ; No - Tab to computer column
2394:	1B98' FFB31AC0	        PRTBLK  CKMSG,5         ; Output "check"
	      180500
2395:	1B9F  215F19  	        LD      hl,LINECT       ; Address of screen line count
2396:	1BA2  34      	        INC     (hl)            ; Increment for message
2397:	1BA3  3A5401  	CP24:   LD      a,(SCORE+1)     ; Check again for mates
2398:	1BA6  FEFF    	        CP      0FFH            ; Player mated ?
2399:	1BA8  C0      	        RET     NZ              ; No - return
2400:	1BA9  0E00    	        LD      c,0             ; Set player mate flag
2401:	1BAB  CDAF1B  	        CALL    FCDMAT          ; Full checkmate ?
2402:	1BAE  C9      	        RET                     ; Return
2403:			
2404:			;***********************************************************
2405:			; FORCED MATE HANDLING
2406:			;***********************************************************
2407:			; FUNCTION:   --  To examine situations where there exits
2408:			;                 a forced mate and determine whether or
2409:			;                 not the current move is checkmate. If it is,
2410:			;                 a losing player is offered another game,
2411:			;                 while a loss for the computer signals the
2412:			;                 King to tip over in resignation.
2413:			;
2414:			; CALLED BY:  --  CPTRMV
2415:			;
2416:			; CALLS:      --  MATED
2417:			;                 CHARTR
2418:			;                 TBPLMV
2419:			;
2420:			; ARGUMENTS:  --  The only value passed in a register is the
2421:			;                 flag which tells FCDMAT whether the computer
2422:			;                 or the player is mated.
2423:			;***********************************************************
2424:	1BAF  3A2600  	FCDMAT: LD      a,(MOVENO)      ; Current move number
2425:	1BB2  47      	        LD      b,a             ; Save
2426:	1BB3  3A2500  	        LD      a,(PMATE)       ; Move number where mate occurs
2427:	1BB6  90      	        SUB     b               ; Number of moves till mate
2428:	1BB7  A7      	        AND     a               ; Checkmate ?
2429:	1BB8  2040    	        JR      NZ,FM0C         ; No - jump
2430:	1BBA  CB41    	        BIT     0,c             ; Check flag for who is mated
2431:	1BBC  2818    	        JR      Z,FM04          ; Jump if player
2432:	1BBE' FF921A00	        CARRET                  ; New line
	      00
2433:	1BC3' FFB21AC0	        PRTLIN  CKMSG,9         ; Print "CHECKMATE"
	      180900
2434:	1BCA  CD7C1D  	        CALL    MATED           ; Tip over King
2435:	1BCD' FFB21AD4	        PRTLIN  UWIN,7          ; Output "YOU WIN"
	      180700
2436:	1BD4  180E    	        JR      FM08            ; Jump
2437:	1BD6' FFB21AC5	FM04:   PRTLIN  MTMSG,4         ; Output "MATE"
	      180400
2438:	1BDD' FFB21ADB	        PRTLIN  IWIN,5          ; Output "I WIN"
	      180500
2439:	1BE4  E1      	FM08:   POP     hl              ; Remove return addresses
2440:	1BE5  E1      	        POP     hl
2441:	1BE6  CD431D  	        CALL    CHARTR          ; Input any char to play again
2442:	1BE9' FFB21A3C	FM09:   CLRSCR                  ; Blank screen
	      190100
2443:	1BF0' FFB21AE0	        PRTLIN  AGAIN,22        ; "CARE FOR ANOTHER GAME?"
	      181600
2444:	1BF7  C3111A  	        JP      DRIV01          ; Jump (Rest of game init)
2445:	1BFA  CB41    	FM0C:   BIT     0,c             ; Who has forced mate ?
2446:	1BFC  C0      	        RET     NZ              ; Return if player
2447:	B0FF  1A041917	        CARRET                  ; New line
	      00CD431D
	      FF921A00
	      00212700
	      3602FE31
	      F8FE37F0
	      D63077C9
	      CDB6122A
	      1A002216
	      003A5401
	      FE012005
	      0E01CDAF
	      1BCD7111
	      CD5E2078
	      A7201753
	      CD621C22
	      B41851CD
	      621C22B1
	      18FFB31A
	      B1180500
	      1821CB48
	      2809FFB3
	      1AB61805
	      001814CB
	      502809FF
	      B31ABB18
	      05001807
	      FFB31A3F
	      1905003A
	      210047EE
	      80322100
	      CD980DA7
	      78322100
	      2818FF92
	      1A00003A
	      5401FEFF
	      C44E1CFF
	      B31AC018
	      0500215F
	      19343A54
	      01FEFFC0
	      0E00CDAF
	      1BC93A26
	      00473A25
	      0090
	40CB  2818FF92
	      1A0000FF
	      B21AC018
	      0900CD7C
	      1DFFB21A
	      D4180700
	      180EFFB2
	      1AC51804
	      00FFB21A
	      DB180500
	      E1E1CD43
	      1DFFB21A
	      3C190100
	      FFB21AE0
	      181600C3
	      111ACB41
	      C0
	1A00: 1B
	0001  00000000
	      C63032CD
	      18FFB21A
	      C5180900
	      CD3A1CC9
	      FFB31A86
	      1803003A
2448:	1C02  C630    	        ADD     a,30H           ; Number of moves to Ascii
2449:	1C04  32CD18  	        LD      (MTPL),a        ; Place value in message
2450:	1C07' FFB21AC5	        PRTLIN  MTMSG,9         ; Output "MATE IN x MOVES"
	      180900
2451:	1C0E  CD3A1C  	        CALL    TBPLMV          ; Tab to players column
2452:	1C11  C9      	        RET                     ; Return
2453:			
2454:			;***********************************************************
2455:			; TAB TO PLAYERS COLUMN
2456:			;***********************************************************
2457:			; FUNCTION:   --  To space over in the move listing to the
2458:			;                 column in which the players moves are being
2459:			;                 recorded. This routine also reprints the
2460:			;                 move number.
2461:			;
2462:			; CALLED BY:  --  PLYRMV
2463:			;
2464:			; CALLS:      --  None
2465:			;
2466:			; MACRO CALLS:    PRTBLK
2467:			;
2468:			; ARGUMENTS:  --  None
2469:			;***********************************************************
2470:	1C12' FFB31A86	TBPLCL: PRTBLK  MVENUM,3        ; Reproduce move number
	      180300
2471:	1C19  3A2000  	        LD      a,(KOLOR)       ; Computers color
2472:	1C1C  A7      	        AND     a               ; Is computer white ?
2473:	1C1D  C0      	        RET     NZ              ; No - return
2474:	1C1E' FFB31A7C	        PRTBLK  SPACE,6         ; Tab to next column
	      180600
2475:	1C25  C9      	        RET                     ; Return
2476:			
2477:			;***********************************************************
2478:			; TAB TO COMPUTERS COLUMN
2479:			;***********************************************************
2480:			; FUNCTION:   --  To space over in the move listing to the
2481:			;                 column in which the computers moves are
2482:			;                 being recorded. This routine also reprints
2483:			;                 the move number.
2484:			;
2485:			; CALLED BY:  --  DRIVER
2486:			;                 CPTRMV
2487:			;
2488:			; CALLS:      --  None
2489:			;
2490:			; MACRO CALLS:    PRTBLK
2491:			;
2492:			; ARGUMENTS:  --  None
2493:			;***********************************************************
2494:	1C26' FFB31A86	TBCPCL: PRTBLK  MVENUM,3        ; Reproduce move number
	      180300
2495:	1C2D  3A2000  	        LD      a,(KOLOR)       ; Computer's color
2496:	1C30  A7      	        AND     a               ; Is computer white ?
2497:	1C31  C8      	        RET     Z               ; Yes - return
2498:	1C32' FFB31A7C	        PRTBLK  SPACE,6         ; Tab to next column
	      180600
2499:	1C39  C9      	        RET                     ; Return
2500:			
2501:			;***********************************************************
2502:			; TAB TO PLAYERS COLUMN W/0 MOVE NO.
2503:			;***********************************************************
2504:			; FUNCTION:   --  Like TBPLCL, except that the move number
2505:			;                 is not reprinted.
2506:			;
2507:			; CALLED BY:  --  FCDMAT
2508:			;***********************************************************
2509:	1C3A' FFB31A7C	TBPLMV: PRTBLK  SPACE,3
	      180300
2510:	1C41  3A2000  	        LD      a,(KOLOR)
2511:	1C44  A7      	        AND     a
2512:	1C45  C0      	        RET     NZ
2513:	1C46' FFB31A7C	        PRTBLK  SPACE,6
	      180600
2514:	1C4D  C9      	        RET
2515:			
2516:			;***********************************************************
2517:			; TAB TO COMPUTERS COLUMN W/O MOVE NO.
2518:			;***********************************************************
2519:			; FUNCTION:   --  Like TBCPCL, except that the move number
2520:			;                 is not reprinted.
2521:			;
2522:			; CALLED BY:  --  CPTRMV
2523:			;***********************************************************
2524:	1C4E' FFB31A7C	TBCPMV: PRTBLK  SPACE,3
	      180300
2525:	1C55  3A2000  	        LD      a,(KOLOR)
2526:	1C58  A7      	        AND     a
2527:	1C59  C8      	        RET     Z
2528:	1C5A' FFB31A7C	        PRTBLK  SPACE,6
	      180600
2529:	1C61  C9      	        RET
2530:			
2531:			;***********************************************************
2532:			; BOARD INDEX TO ASCII SQUARE NAME
2533:			;***********************************************************
2534:			; FUNCTION:   --  To translate a hexadecimal index in the
2535:			;                 board array into an ascii description
2536:			;                 of the square in algebraic chess notation.
2537:			;
2538:			; CALLED BY:  --  CPTRMV
2539:			;
2540:			; CALLS:      --  DIVIDE
2541:			;
2542:			; ARGUMENTS:  --  Board index input in register D and the
2543:			;                 Ascii square name is output in register
2544:			;                 pair HL.
2545:			;***********************************************************
2546:	1C62  97      	BITASN: SUB     a               ; Get ready for division
2547:	1C63  1E0A    	        LD      e,10
2548:	1C65  CD0420  	        CALL    DIVIDE          ; Divide
2549:	1C68  15      	        DEC     d               ; Get rank on 1-8 basis
2550:	1C69  C660    	        ADD     a,60H           ; Convert file to Ascii (a-h)
2551:	1C6B  6F      	        LD      l,a             ; Save
2552:	1C6C  7A      	        LD      a,d             ; Rank
2553:	1C6D  C630    	        ADD     a,30H           ; Convert rank to Ascii (1-8)
2554:	1C6F  67      	        LD      h,a             ; Save
2555:	1C70  C9      	        RET                     ; Return
2556:			
2557:			;***********************************************************
2558:			; PLAYERS MOVE ANALYSIS
2559:			;***********************************************************
2560:			; FUNCTION:   --  To accept and validate the players move
2561:			;                 and produce it on the graphics board. Also
2562:			;                 allows player to resign the game by
2563:			;                 entering a control-R.
2564:			;
2565:			; CALLED BY:  --  DRIVER
2566:			;
2567:			; CALLS:      --  CHARTR
2568:			;                 ASNTBI
2569:			;                 VALMOV
2570:			;                 EXECMV
2571:			;                 PGIFND
2572:			;                 TBPLCL
2573:			;
2574:			; ARGUMENTS:  --  None
2575:			;***********************************************************
2576:	1C71  CD431D  	PLYRMV: CALL    CHARTR          ; Accept "from" file letter
2577:	1C74  FE12    	        CP      12H             ; Is it instead a Control-R ?
2578:	1C76  CAE91B  	        JP      Z,FM09          ; Yes - jump
2579:	1C79  67      	        LD      h,a             ; Save
2580:	1C7A  CD431D  	        CALL    CHARTR          ; Accept "from" rank number
2581:	1C7D  6F      	        LD      l,a             ; Save
2582:	1C7E  CDC71C  	        CALL    ASNTBI          ; Convert to a board index
2583:	1C81  90      	        SUB     b               ; Gives board index, if valid
2584:	1C82  2822    	        JR      Z,PL08          ; Jump if invalid
2585:	1C84  32B118  	        LD      (MVEMSG),a      ; Move list "from" position
2586:	1C87  CD431D  	        CALL    CHARTR          ; Accept separator & ignore it
2587:	1C8A  CD431D  	        CALL    CHARTR          ; Repeat for "to" position
2588:	1C8D  67      	        LD      h,a
2589:	1C8E  CD431D  	        CALL    CHARTR
2590:	1C91  6F      	        LD      l,a
2591:	1C92  CDC71C  	        CALL    ASNTBI
2592:	1C95  90      	        SUB     b
2593:	1C96  280E    	        JR      Z,PL08
2594:	1C98  32B218  	        LD      (MVEMSG+1),a    ; Move list "to" position
2595:	1C9B  CDEC1C  	        CALL    VALMOV          ; Determines if a legal move
2596:	1C9E  A7      	        AND     a               ; Legal ?
2597:	1C9F  C2A61C  	        JP      NZ,PL08         ; No - jump
2598:	1CA2  CD5E20  	        CALL    EXECMV          ; Make move on graphics board
2599:	1CA5  C9      	        RET                     ; Return
2600:	1CA6  215F19  	PL08:   LD      hl,LINECT       ; Address of screen line count
2601:	1CA9  34      	        INC     (hl)            ; Increase by 2 for message
2602:	1CAA  34      	        INC     (hl)
2603:	1CAB' FF921A00	        CARRET                  ; New line
	      00
2604:	1CB0  CD5D1D  	        CALL    PGIFND          ; New page if needed
2605:	1CB3' FFB21A44	        PRTLIN  INVAL1,12       ; Output "INVALID MOVE"
	      190C00
2606:	1CBA' FFB21A50	        PRTLIN  INVAL2,9        ; Output "TRY AGAIN"
	      190900
2607:	1CC1  CD121C  	        CALL    TBPLCL          ; Tab to players column
2608:	1CC4  C3711C  	        JP      PLYRMV          ; Jump
2609:			
2610:			;***********************************************************
2611:			; ASCII SQUARE NAME TO BOARD INDEX
2612:			;***********************************************************
2613:			; FUNCTION:   --  To convert an algebraic square name in
2614:			;                 Ascii to a hexadecimal board index.
2615:			;                 This routine also checks the input for
2616:			;                 validity.
2617:			;
2618:			; CALLED BY:  --  PLYRMV
2619:			;
2620:			; CALLS:      --  MLTPLY
2621:			;
2622:			; ARGUMENTS:  --  Accepts the square name in register pair HL
2623:			;                 and outputs the board index in register A.
2624:			;                 Register B = 0 if ok. Register B = Register
2625:			;                 A if invalid.
2626:			;***********************************************************
2627:	1CC7  7D      	ASNTBI: LD      a,l             ; Ascii rank (1 - 8)
2628:	1CC8  D630    	        SUB     30H             ; Rank 1 - 8
2629:	1CCA  FE01    	        CP      1               ; Check lower bound
2630:	1CCC  FAEA1C  	        JP      M,AT04          ; Jump if invalid
2631:	1CCF  FE09    	        CP      9               ; Check upper bound
2632:	1CD1  3017    	        JR      NC,AT04         ; Jump if invalid
2633:	1CD3  3C      	        INC     a               ; Rank 2 - 9
2634:	1CD4  57      	        LD      d,a             ; Ready for multiplication
2635:	1CD5  1E0A    	        LD      e,10
2636:	1CD7  CD1620  	        CALL    MLTPLY          ; Multiply
2637:	1CDA  7C      	        LD      a,h             ; Ascii file letter (a - h)
2638:	1CDB  D640    	        SUB     40H             ; File 1 - 8
2639:	1CDD  FE01    	        CP      1               ; Check lower bound
2640:	1CDF  FAEA1C  	        JP      M,AT04          ; Jump if invalid
2641:	1CE2  FE09    	        CP      9               ; Check upper bound
2642:	1CE4  3004    	        JR      NC,AT04         ; Jump if invalid
2643:	1CE6  82      	        ADD     a,d             ; File+Rank(20-90)=Board index
2644:	1CE7  0600    	        LD      b,0             ; Ok flag
2645:	1CE9  C9      	        RET                     ; Return
2646:	1CEA  47      	AT04:   LD      b,a             ; Invalid flag
2647:	1CEB  C9      	        RET                     ; Return
2648:			
2649:			;***********************************************************
2650:			; VALIDATE MOVE SUBROUTINE
2651:			;***********************************************************
2652:			; FUNCTION:   --  To check a players move for validity.
2653:			;
2654:			; CALLED BY:  --  PLYRMV
2655:			;
2656:			; CALLS:      --  GENMOV
2657:			;                 MOVE
2658:			;                 INCHK
2659:			;                 UNMOVE
2660:			;
2661:			; ARGUMENTS:  --  Returns flag in register A, 0 for valid
2662:			;                 and 1 for invalid move.
2663:			;***********************************************************
2664:	1CEC  2A1600  	VALMOV: LD      hl,(MLPTRJ)     ; Save last move pointer
2665:	1CEF  E5      	        PUSH    hl              ; Save register
2666:	1CF0  3A2000  	        LD      a,(KOLOR)       ; Computers color
2667:	1CF3  EE80    	        XOR     80H             ; Toggle color
2668:	1CF5  322100  	        LD      (COLOR),a       ; Store
2669:	1CF8  215D01  	        LD      hl,PLYIX-2      ; Load move list index
2670:	1CFB  221400  	        LD      (MLPTRI),hl
2671:	1CFE  210007  	        LD      hl,MLIST+1024   ; Next available list pointer
2672:	1D01  221E00  	        LD      (MLNXT),hl
2673:	1D04  CD560D  	        CALL    GENMOV          ; Generate opponents moves
2674:	1D07  DD210007	        LD      ix,MLIST+1024   ; Index to start of moves
2675:	1D0B  3AB118  	VA5:    LD      a,(MVEMSG)      ; "From" position
2676:	1D0E  DDBE02  	        CP      (ix+MLFRP)      ; Is it in list ?
2677:	1D11  2008    	        JR      NZ,VA6          ; No - jump
2678:	1D13  3AB218  	        LD      a,(MVEMSG+1)    ; "To" position
2679:	1D16  DDBE03  	        CP      (ix+MLTOP)      ; Is it in list ?
2680:	1D19  280F    	        JR      Z,VA7           ; Yes - jump
2681:	1D1B  DD5E00  	VA6:    LD      e,(ix+MLPTR)    ; Pointer to next list move
2682:	1D1E  DD5601  	        LD      d,(ix+MLPTR+1)
2683:	1D21  AF      	        XOR     a               ; At end of list ?
2684:	1D22  BA      	        CP      d
2685:	1D23  2817    	        JR      Z,VA10          ; Yes - jump
2686:	1D25  D5      	        PUSH    de              ; Move to X register
2687:	1D26  DDE1    	        POP     ix
2688:	1D28  18E1    	        JR      VA5             ; Jump
2689:	1D2A  DD221600	VA7:    LD      (MLPTRJ),ix     ; Save opponents move pointer
2690:	1D2E  CD7111  	        CALL    MOVE            ; Make move on board array
2691:	1D31  CD980D  	        CALL    INCHK           ; Was it a legal move ?
2692:	1D34  A7      	        AND     a
2693:	1D35  2002    	        JR      NZ,VA9          ; No - jump
2694:	1D37  E1      	VA8:    POP     hl              ; Restore saved register
2695:	1D38  C9      	        RET                     ; Return
2696:	1D39  CDE311  	VA9:    CALL    UNMOVE          ; Un-do move on board array
2697:	1D3C  3E01    	VA10:   LD      a,1             ; Set flag for invalid move
2698:	1D3E  E1      	        POP     hl              ; Restore saved register
2699:	1D3F  221600  	        LD      (MLPTRJ),hl     ; Save move pointer
2700:	1D42  C9      	        RET                     ; Return
2701:			
2702:			;***********************************************************
2703:			; ACCEPT INPUT CHARACTER
2704:			;***********************************************************
2705:			; FUNCTION:   --  Accepts a single character input from the
2706:			;                 console keyboard and places it in the A
2707:			;                 register. The character is also echoed on
2708:			;                 the video screen, unless it is a carriage
2709:			;                 return, line feed, or backspace.
2710:			;                 Lower case alphabetic characters are folded
2711:			;                 to upper case.
2712:			;
2713:			; CALLED BY:  --  DRIVER
2714:			;                 INTERR
2715:			;                 PLYRMV
2716:			;                 ANALYS
2717:			;
2718:			; CALLS:      --  None
2719:			;
2720:			; ARGUMENTS:  --  Character input is output in register A.
2721:			;
2722:			; NOTES:      --  This routine contains a reference to a
2723:			;                 monitor function of the Jove monitor, there-
2724:			;                 for the first few lines of this routine are
2725:			;                 system dependent.
2726:			;***********************************************************
2727:	1D43  FF      	CHARTR: RST     38h             ; Jove monitor single char inpt
2728:	1D44  8100    	        DB      81H,0
2729:	1D46  FE0D    	        CP      0DH             ; Carriage return ?
2730:	1D48  C8      	        RET     Z               ; Yes - return
2731:	1D49  FE0A    	        CP      0AH             ; Line feed ?
2732:	1D4B  C8      	        RET     Z               ; Yes - return
2733:	1D4C  FE08    	        CP      08H             ; Backspace ?
2734:	1D4E  C8      	        RET     Z               ; Yes - return
2735:	1D4F  FF      	        RST     38h             ; Jove monitor single char echo
2736:	1D50  811A    	        DB      81H,1AH
2737:	1D52  E67F    	        AND     7FH             ; Mask off parity bit
2738:	1D54  FE7B    	        CP      7BH             ; Upper range check (z+l)
2739:	1D56  F0      	        RET     P               ; No need to fold - return
2740:	1D57  FE61    	        CP      61H             ; Lower-range check (a)
2741:	1D59  F8      	        RET     M               ; No need to fold - return
2742:	1D5A  D620    	        SUB     20H             ; Change to one of A-Z
2743:	1D5C  C9      	        RET                     ; Return
2744:			
2745:			;***********************************************************
2746:			; NEW PAGE IF NEEDED
2747:			;***********************************************************
2748:			; FUNCTION:   --  To clear move list output when the column
2749:			;                 has been filled.
2750:			;
2751:			; CALLED BY:  --  DRIVER
2752:			;                 PLYRMV
2753:			;                 CPTRMV
2754:			;
2755:			; CALLS:     --   DSPBRD
2756:			;
2757:			; ARGUMENTS: --   Returns a 1 in the A register if a new
2758:			;                 page was turned.
2759:			;***********************************************************
2760:	1D5D  215F19  	PGIFND: LD      hl,LINECT       ; Addr of page position counter
2761:	1D60  34      	        INC     (hl)            ; Increment
2762:	1D61  3E1B    	        LD      a,1BH           ; Page bottom ?
2763:	1D63  BE      	        CP      (hl)
2764:	1D64  D0      	        RET     NC              ; No - return
2765:	1D65  CDDB1E  	        CALL    DSPBRD          ; Put up new page
2766:	1D68' FFB21A1B	        PRTLIN  TITLE4,15       ; Re-print titles
	      190F00
2767:	1D6F' FFB21A89	        PRTLIN  TITLE3,15
	      180F00
2768:	1D76  3E01    	        LD      a,1             ; Set line count back to 1
2769:	1D78  325F19  	        LD      (LINECT),a
2770:	1D7B  C9      	        RET                     ; Return
2771:			
2772:			;***********************************************************
2773:			; DISPLAY MATED KING
2774:			;***********************************************************
2775:			; FUNCTION:   --  To tip over the computers King when
2776:			;                 mated.
2777:			;
2778:			; CALLED BY:  --  FCDMAT
2779:			;
2780:			; CALLS:      --  CONVRT
2781:			;                 BLNKER
2782:			;                 INSPCE  (Abnormal Call to IP04)
2783:			;
2784:			; ARGUMENTS:  --  None
2785:			;***********************************************************
2786:	1D7C  3A2000  	MATED:  LD      a,(KOLOR)       ; Computers color
2787:	1D7F  A7      	        AND     a               ; Is computer white ?
2788:	1D80  2807    	        JR      Z,rel23         ; Yes - skip
2789:	1D82  0E02    	        LD      c,2             ; Set black piece flag
2790:	1D84  3A4F01  	        LD      a,(POSK+1)      ; Position of black King
2791:	1D87  1804    	        JR      MA08            ; Jump
2792:	1D89  4F      	rel23:  LD      c,a             ; Clear black piece flag
2793:	1D8A  3A4E01  	        LD      a,(POSK)        ; Position of white King
2794:	1D8D  325919  	MA08:   LD      (BRDPOS),a      ; Store King position
2795:	1D90  325A19  	        LD      (ANBDPS),a      ; Again
2796:	1D93  CDE01F  	        CALL    CONVRT          ; Getting norm address in HL
2797:	1D96  3E07    	        LD      a,7             ; Piece value of toppled King
2798:	1D98  060A    	        LD      b,10            ; Blink parameter
2799:	1D9A  CD2720  	        CALL    BLNKER          ; Blink King position
2800:	1D9D  FD21AC1D	        LD      iy,MA0C         ; Prepare for abnormal call
2801:	1DA1  FDE5    	        PUSH    iy
2802:	1DA3  E5      	        PUSH    hl
2803:	1DA4  C5      	        PUSH    bc
2804:	1DA5  D5      	        PUSH    de
2805:	1DA6  DDE5    	        PUSH    ix
2806:	1DA8  F5      	        PUSH    af
2807:	1DA9  C3691F  	        JP      IP04            ; Call INSPCE
2808:	1DAC  060A    	MA0C:   LD      b,10            ; Blink again
2809:	1DAE  3A5A19  	        LD      a,(ANBDPS)
2810:	1DB1  325919  	        LD      (BRDPOS),a
2811:	1DB4  CD2720  	        CALL    BLNKER
2812:	1DB7  C9      	        RET                     ; Return
2813:			
2814:			;***********************************************************
2815:			; SET UP POSITION FOR ANALYSIS
2816:			;***********************************************************
2817:			; FUNCTION:   --  To enable user to set up any position
2818:			;                 for analysis, or to continue to play
2819:			;                 the game. The routine blinks the board
2820:			;                 squares in turn and the user has the option
2821:			;                 of leaving the contents unchanged by a
2822:			;                 carriage return, emptying the square by a 0,
2823:			;                 or inputting a piece of his chosing. To
2824:			;                 enter a piece, type in piece-code,color-code,
2825:			;                 moved-code.
2826:			;
2827:			;                 Piece-code is a letter indicating the
2828:			;                 desired piece:
2829:			;                       K  -  King
2830:			;                       Q  -  Queen
2831:			;                       R  -  Rook
2832:			;                       B  -  Bishop
2833:			;                       N  -  Knight
2834:			;                       P  -  Pawn
2835:			;
2836:			;                 Color code is a letter, W for white, or B for
2837:			;                 black.
2838:			;
2839:			;                 Moved-code is a number. 0 indicates the piece has never
2840:			;                 moved. 1 indicates the piece has moved.
2841:			;
2842:			;                 A backspace will back up in the sequence of blinked
2843:			;                 squares. An Escape will terminate the blink cycle and
2844:			;                 verify that the position is correct, then procede
2845:			;                 with game initialization.
2846:			;
2847:			; CALLED BY:  --  DRIVER
2848:			;
2849:			; CALLS:      --  CHARTR
2850:			;                 DPSBRD
2851:			;                 BLNKER
2852:			;                 ROYALT
2853:			;                 PLYRMV
2854:			;                 CPTRMV
2855:			;
2856:			; MACRO CALLS:    PRTLIN
2857:			;                 EXIT
2858:			;                 CLRSCR
2859:			;                 PRTBLK
2860:			;                 CARRET
2861:			;
2862:			; ARGUMENTS:  --  None
2863:			;***********************************************************
2864:	1DB8' FFB21A22	ANALYS: PRTLIN  ANAMSG,37       ; "CARE TO ANALYSE A POSITION?"
	      182500
2865:	1DBF  CD431D  	        CALL    CHARTR          ; Accept answer
2866:	1DC2' FF921A00	        CARRET                  ; New line
	      00
2867:	1DC7  FE4E    	        CP      4EH             ; Is answer a "N" ?
2868:	1DC9  2002    	        JR      NZ,AN04         ; No - jump
2869:	1DCB' FF1F    	        EXIT                    ; Return to monitor
2870:	1DCD  CDDB1E  	AN04:   CALL    DSPBRD          ; Current board position
2871:	1DD0  3E15    	        LD      a,21            ; First board index
2872:	1DD2  325A19  	AN08:   LD      (ANBDPS),a      ; Save
2873:	1DD5  325919  	        LD      (BRDPOS),a
2874:	1DD8  CDE01F  	        CALL    CONVRT          ; Norm address into HL register
2875:	1DDB  320000  	        LD      (M1),a          ; Set up board index
2876:	1DDE  DD2A0000	        LD      ix,(M1)
2877:	1DE2  DD7EB4  	        LD      a,(ix+BOARD)    ; Get board contents
2878:	1DE5  FEFF    	        CP      0FFH            ; Border square ?
2879:	1DE7  283C    	        JR      Z,AN19          ; Yes - jump
2880:	1DE9  0604    	        LD      b,4H            ; Ready to blink square
2881:	1DEB  CD2720  	        CALL    BLNKER          ; Blink
2882:	1DEE  CD431D  	        CALL    CHARTR          ; Accept input
2883:	1DF1  FE1B    	        CP      1BH             ; Is it an escape ?
2884:	1DF3  2849    	        JR      Z,AN1B          ; Yes - jump
2885:	1DF5  FE08    	        CP      08H             ; Is it a backspace ?
2886:	1DF7  2836    	        JR      Z,AN1A          ; Yes - jump
2887:	1DF9  FE0D    	        CP      0DH             ; Is it a carriage return ?
2888:	1DFB  2828    	        JR      Z,AN19          ; Yes - jump
2889:	1DFD  010700  	        LD      bc,7            ; Number of types of pieces + 1
2890:	1E00  21CE18  	        LD      hl,PCS          ; Address of piece symbol table
2891:	1E03  EDB1    	        CPIR                    ; Search
2892:	1E05  2018    	        JR      NZ,AN18         ; Jump if not found
2893:	1E07  CD431D  	        CALL    CHARTR          ; Accept and ignore separator
2894:	1E0A  CD431D  	        CALL    CHARTR          ; Color of piece
2895:	1E0D  FE42    	        CP      42H             ; Is it black ?
2896:	1E0F  2002    	        JR      NZ,rel022       ; No - skip
2897:	1E11  CBF9    	        SET     7,c             ; Black piece indicator
2898:	1E13  CD431D  	rel022: CALL    CHARTR          ; Accept and ignore separator
2899:	1E16  CD431D  	        CALL    CHARTR          ; Moved flag
2900:	1E19  FE31    	        CP      31H             ; Has piece moved ?
2901:	1E1B  2002    	        JR      NZ,AN18         ; No - jump
2902:	1E1D  CBD9    	        SET     3,c             ; Set moved indicator
2903:	1E1F  DD71B4  	AN18:   LD      (ix+BOARD),c    ; Insert piece into board array
2904:	1E22  CDDB1E  	        CALL    DSPBRD          ; Update graphics board
2905:	1E25  3A5A19  	AN19:   LD      a,(ANBDPS)      ; Current board position
2906:	1E28  3C      	        INC     a               ; Next
2907:	1E29  FE63    	        CP      99              ; Done ?
2908:	1E2B  20A5    	        JR      NZ,AN08         ; No - jump
2909:	1E2D  189E    	        JR      AN04            ; Jump
2910:	1E2F  3A5A19  	AN1A:   LD      a,(ANBDPS)      ; Prepare to go back a square
2911:	1E32  D603    	        SUB     3               ; To get around border
2912:	1E34  FE14    	        CP      20              ; Off the other end ?
2913:	1E36  D2D21D  	        JP      NC,AN08         ; No - jump
2914:	1E39  3E62    	        LD      a,98            ; Wrap around to top of screen
2915:	1E3B  C3D21D  	AN0B:   JP      AN08            ; Jump
2916:	1E3E' FFB21AF6	AN1B:   PRTLIN  CRTNES,14       ; Ask if correct
	      180E00
2917:	1E45  CD431D  	        CALL    CHARTR          ; Accept answer
2918:	1E48  FE4E    	        CP      4EH             ; Is it "N" ?
2919:	1E4A  CACD1D  	        JP      Z,AN04          ; No - jump
2920:	1E4D  CDA41E  	        CALL    ROYALT          ; Update positions of royalty
2921:	1E50' FFB21A3C	        CLRSCR                  ; Blank screen
	      190100
2922:	1E57  CDB91A  	        CALL    INTERR          ; Accept color choice
2923:	1E5A' FFB21A2B	AN1C:   PRTLIN  WSMOVE,17       ; Ask whose move it is
	      191100
2924:	1E61  CD431D  	        CALL    CHARTR          ; Accept response
2925:	1E64  CDDB1E  	        CALL    DSPBRD          ; Display graphics board
2926:	1E67' FFB21A1B	        PRTLIN  TITLE4,15       ; Put up titles
	      190F00
2927:	1E6E' FFB21A89	        PRTLIN  TITLE3,15
	      180F00
2928:	1E75  FE57    	        CP      57H             ; Is is whites move ?
2929:	1E77  CA4C1A  	        JP      Z,DRIV04        ; Yes - jump
2930:	1E7A' FFB31A86	        PRTBLK  MVENUM,3        ; Print move number
	      180300
2931:	1E81' FFB31A7C	        PRTBLK  SPACE,6         ; Tab to blacks column
	      180600
2932:	1E88  3A2000  	        LD      a,(KOLOR)       ; Computer's color
2933:	1E8B  A7      	        AND     a               ; Is computer white ?
2934:	1E8C  200B    	        JR      NZ,AN20         ; No - jump
2935:	1E8E  CD711C  	        CALL    PLYRMV          ; Get players move
2936:	1E91' FF921A00	        CARRET                  ; New line
	      00
2937:	1E96  C38F1A  	        JP      DR0C            ; Jump
2938:	1E99  CD211B  	AN20:   CALL    CPTRMV          ; Get computers move
2939:	1E9C' FF921A00	        CARRET                  ; New line
	      00
2940:	1EA1  C38F1A  	        JP      DR0C            ; Jump
2941:			
2942:			;***********************************************************
2943:			; UPDATE POSITIONS OF ROYALTY
2944:			;***********************************************************
2945:			; FUNCTION:   --  To update the positions of the Kings
2946:			;                 and Queen after a change of board position
2947:			;                 in ANALYS.
2948:			;
2949:			; CALLED BY:  --  ANALYS
2950:			;
2951:			; CALLS:      --  None
2952:			;
2953:			; ARGUMENTS:  --  None
2954:			;***********************************************************
2955:	1EA4  214E01  	ROYALT: LD      hl,POSK         ; Start of Royalty array
2956:	1EA7  0604    	        LD      b,4             ; Clear all four positions
2957:	1EA9  3600    	back06: LD      (hl),0
2958:	1EAB  23      	        INC     hl
2959:	1EAC  10FB    	        DJNZ    back06
2960:	1EAE  3E15    	        LD      a,21            ; First board position
2961:	1EB0  320000  	RY04:   LD      (M1),a          ; Set up board index
2962:	1EB3  214E01  	        LD      hl,POSK         ; Address of King position
2963:	1EB6  DD2A0000	        LD      ix,(M1)
2964:	1EBA  DD7EB4  	        LD      a,(ix+BOARD)    ; Fetch board contents
2965:	1EBD  CB7F    	        BIT     7,a             ; Test color bit
2966:	1EBF  2801    	        JR      Z,rel023        ; Jump if white
2967:	1EC1  23      	        INC     hl              ; Offset for black
2968:	1EC2  E607    	rel023: AND     7               ; Delete flags, leave piece
2969:	1EC4  FE06    	        CP      KING            ; King ?
2970:	1EC6  2806    	        JR      Z,RY08          ; Yes - jump
2971:	1EC8  FE05    	        CP      QUEEN           ; Queen ?
2972:	1ECA  2006    	        JR      NZ,RY0C         ; No - jump
2973:	1ECC  23      	        INC     hl              ; Queen position
2974:	1ECD  23      	        INC     hl              ; Plus offset
2975:	1ECE  3A0000  	RY08:   LD      a,(M1)          ; Index
2976:	1ED1  77      	        LD      (hl),a          ; Save
2977:	1ED2  3A0000  	RY0C:   LD      a,(M1)          ; Current position
2978:	1ED5  3C      	        INC     a               ; Next position
2979:	1ED6  FE63    	        CP      99              ; Done.?
2980:	1ED8  20D6    	        JR      NZ,RY04         ; No - jump
2981:	1EDA  C9      	        RET                     ; Return
2982:			
2983:			;***********************************************************
2984:			; SET UP EMPTY BOARD
2985:			;***********************************************************
2986:			; FUNCTION:   --  Display graphics board and pieces.
2987:			;
2988:			; CALLED BY:  --  DRIVER
2989:			;                 ANALYS
2990:			;                 PGIFND
2991:			;
2992:			; CALLS:      --  CONVRT
2993:			;                 INSPCE
2994:			;
2995:			; ARGUMENTS:  --  None
2996:			;
2997:			; NOTES:      --  This routine makes use of several fixed
2998:			;                 addresses in the video storage area of
2999:			;                 the Jupiter III computer, and is therefor
3000:			;                 system dependent. Each such reference will
3001:			;                 be marked.
3002:			;***********************************************************
3003:	1EDB  C5      	DSPBRD: PUSH    bc              ; Save registers
3004:	1EDC  D5      	        PUSH    de
3005:	1EDD  E5      	        PUSH    hl
3006:	1EDE  F5      	        PUSH    af
3007:	1EDF' FFB21A3C	        CLRSCR                  ; Blank screen
	      190100
3008:	1EE6  2100C0  	        LD      hl,0C000H       ; System Dependent-First video
3009:			                                ; address
3010:	1EE9  3680    	        LD      (hl),80H        ; Start of blank border
3011:	1EEB  1101C0  	        LD      de,0C001H       ; Sys Dep- Next border square
3012:	1EEE  010F00  	        LD      bc,15           ; Number of bytes to be moved
3013:	1EF1  EDB0    	        LDIR                    ; Blank border bar
3014:	1EF3  36AA    	        LD      (hl),0AAH       ; First black border box
3015:	1EF5  2C      	        INC     l               ; Next block address
3016:	1EF6  0606    	        LD      b,6             ; Number to be moved
3017:	1EF8  3680    	DB04:   LD      (hl),80H        ; Create white block
3018:	1EFA  2C      	        INC     l               ; Next block address
3019:	1EFB  10FB    	        DJNZ    DB04            ; Done ? No - jump
3020:	1EFD  0606    	        LD      b,6             ; Number of repeats
3021:	1EFF  36BF    	DB08:   LD      (hl),0BFH       ; Create black box ???
3022:	1F01  2C      	        INC     l               ; Next block address
3023:	1F02  10FB    	        DJNZ    DB08            ; Done ? No - jump
3024:	1F04  EB      	        EX      de,hl           ; Get ready for block move
3025:	1F05  012400  	        LD      bc,36           ; Bytes to be moved
3026:	1F08  EDB0    	        LDIR                    ; Move - completes first bar
3027:	1F0A  2100C0  	        LD      hl,0C000H       ; S D - First addr to be copied
3028:	1F0D  01D000  	        LD      bc,0D0H         ; Number of blocks to move
3029:	1F10  EDB0    	        LDIR                    ; Completes first rank
3030:	1F12  2116C0  	        LD      hl,0C016H       ; S D - Start of copy area
3031:	1F15  010600  	        LD      bc,6            ; Number of blocks to move
3032:	1F18  EDB0    	        LDIR                    ; First black square done
3033:	1F1A  2110C0  	        LD      hl,0C010H       ; S D - Start copy area
3034:	1F1D  012A00  	        LD      bc,42           ; Bytes to be moved
3035:	1F20  EDB0    	        LDIR                    ; Rest of bar done
3036:	1F22  2100C1  	        LD      hl,0C100H       ; S D - Start of copy area
3037:	1F25  01C000  	        LD      bc,0C0H         ; Move three bars
3038:	1F28  EDB0    	        LDIR                    ; Next rank done
3039:	1F2A  2100C0  	        LD      hl,0C000H       ; S D - Copy rest of screen
3040:	1F2D  010006  	        LD      bc,600H         ; Number of blocks
3041:	1F30  EDB0    	        LDIR                    ; Board done
3042:	1F32  3E15    	BSETUP: LD      a,21            ; First board index
3043:	1F34  325919  	BSET04: LD      (BRDPOS),a      ; Ready parameter
3044:	1F37  CDE01F  	        CALL    CONVRT          ; Norm addr into HL register
3045:	1F3A  CD471F  	        CALL    INSPCE          ; Insert that piece onto board
3046:	1F3D  3C      	        INC     a               ; Next square
3047:	1F3E  FE63    	        CP      99              ; Done ?
3048:	1F40  38F2    	        JR      C,BSET04        ; No - jump
3049:	1F42  F1      	        POP     af              ; Restore registers
3050:	1F43  E1      	        POP     hl
3051:	1F44  D1      	        POP     de
3052:	1F45  C1      	        POP     bc
3053:	1F46  C9      	        RET
3054:			
3055:			;***********************************************************
3056:			; INSERT PIECE SUBROUTINE
3057:			;***********************************************************
3058:			; FUNCTION:   --  This subroutine places a piece onto a
3059:			;                 given square on the video board. The piece
3060:			;                 inserted is that stored in the board array
3061:			;                 for that square.
3062:			;
3063:			; CALLED BY:  --  DPSPRD
3064:			;                 MATED
3065:			;
3066:			; CALLS:      --  MLTPLY
3067:			;
3068:			; ARGUMENTS:  --  Norm address for the square in register
3069:			;                 pair HL.
3070:			;***********************************************************
3071:	1F47  E5      	INSPCE: PUSH    hl              ; Save registers
3072:	1F48  C5      	        PUSH    bc
3073:	1F49  D5      	        PUSH    de
3074:	1F4A  DDE5    	        PUSH    ix
3075:	1F4C  F5      	        PUSH    af
3076:	1F4D  3A5919  	        LD      a,(BRDPOS)      ; Get board index
3077:	1F50  320000  	        LD      (M1),a          ; Save
3078:	1F53  DD2A0000	        LD      ix,(M1)         ; Index into board array
3079:	1F57  DD7EB4  	        LD      a,(ix+BOARD)    ; Contents of board array
3080:	1F5A  A7      	        AND     a               ; Is square empty ?
3081:	1F5B  287C    	        JR      Z,IP2C          ; Yes - jump
3082:	1F5D  FEFF    	        CP      0FFH            ; Is it a border square ?
3083:	1F5F  2878    	        JR      Z,IP2C          ; Yes - jump
3084:	1F61  0E00    	        LD      c,0             ; Clear flag register
3085:	1F63  CB7F    	        BIT     7,a             ; Is piece white ?
3086:	1F65  2802    	        JR      Z,IP04          ; Yes - jump
3087:	1F67  0E02    	        LD      c,2             ; Set black piece flag
3088:	1F69  E607    	IP04:   AND     7               ; Delete flags, leave piece
3089:	1F6B  3D      	        DEC     a               ; Piece on a 0 - 5 basis
3090:	1F6C  5F      	        LD      e,a             ; Save
3091:	1F6D  1610    	        LD      d,16            ; Multiplier
3092:	1F6F  CD1620  	        CALL    MLTPLY          ; For loc of piece in table
3093:	1F72  7A      	        LD      a,d             ; Displacement into block table
3094:	1F73  325B19  	        LD      (INDXER),a      ; Low order index byte
3095:	1F76  DD2A5B19	        LD      ix,(INDXER)     ; Get entire index
3096:	1F7A  CB46    	        BIT     0,(hl)          ; Is square white ?
3097:	1F7C  2801    	        JR      Z,IP08          ; Yes - jump
3098:	1F7E  0C      	        INC     c               ; Set complement flag
3099:	1F7F  2C      	IP08:   INC     l               ; Address of first alter block
3100:	1F80  E5      	        PUSH    hl              ; Save
3101:	1F81  1600    	        LD      d,0             ; Bar counter
3102:	1F83  0604    	IP0C:   LD      b,4             ; Block counter
3103:	1F85  DD7E80  	IP10:   LD      a,(ix+BLOCK)    ; Bring in source block
3104:	1F88  CB41    	        BIT     0,c             ; Should it be complemented ?
3105:	1F8A  2802    	        JR      Z,IP14          ; No - jump
3106:	1F8C  EE3F    	        XOR     3FH             ; Graphics complement
3107:	1F8E  77      	IP14:   LD      (hl),a          ; Store block
3108:	1F8F  2C      	        INC     l               ; Next block
3109:	1F90  DD23    	        INC     ix              ; Next source block
3110:	1F92  10F1    	        DJNZ    IP10            ; Done ? No - jump
3111:	1F94  7D      	        LD      a,l             ; Bar increment
3112:	1F95  C63C    	        ADD     a,3CH
3113:	1F97  6F      	        LD      l,a
3114:	1F98  14      	        INC     d               ; Bar counter
3115:	1F99  CB52    	        BIT     2,d             ; Done ?
3116:	1F9B  28E6    	        JR      Z,IP0C          ; No - jump
3117:	1F9D  E1      	        POP     hl              ; Address of Norm + 1
3118:	1F9E  CB41    	        BIT     0,c             ; Is square white ?
3119:	1FA0  2006    	        JR      NZ,IP18         ; No - jump
3120:	1FA2  CB49    	        BIT     1,c             ; Is piece white ?
3121:	1FA4  2033    	        JR      NZ,IP2C         ; No - jump
3122:	1FA6  1804    	        JR      IP1C            ; Jump
3123:	1FA8  CB49    	IP18:   BIT     1,c             ; Is piece white ?
3124:	1FAA  282D    	        JR      Z,IP2C          ; Yes - jump
3125:	1FAC  1606    	IP1C:   LD      d,6             ; Multiplier
3126:	1FAE  CD1620  	        CALL    MLTPLY          ; Multiply for displacement
3127:	1FB1  7A      	        LD      a,d             ; Kernel table displacement
3128:	1FB2  325B19  	        LD      (INDXER),a      ; Save
3129:	1FB5  DD2A5B19	        LD      ix,(INDXER)     ; Get complete index
3130:	1FB9  7D      	        LD      a,l             ; Start of Kernel
3131:	1FBA  C640    	        ADD     a,40H
3132:	1FBC  6F      	        LD      l,a
3133:	1FBD  1600    	        LD      d,0             ; Bar counter
3134:	1FBF  0603    	IP20:   LD      b,3             ; Block counter
3135:	1FC1  DD7EF0  	IP24:   LD      a,(ix+KERNEL)   ; Kernel block
3136:	1FC4  CB49    	        BIT     1,c             ; Need to complement ?
3137:	1FC6  2002    	        JR      NZ,IP28         ; No - jump
3138:	1FC8  EE3F    	        XOR     3FH             ; Graphics complement
3139:	1FCA  77      	IP28:   LD      (hl),a          ; Store block
3140:	1FCB  2C      	        INC     l               ; Next target block
3141:	1FCC  DD23    	        INC     ix              ; Next source block
3142:	1FCE  10F1    	        DJNZ    IP24            ; Done ? No - jump
3143:	1FD0  7D      	        LD      a,l             ; Bar increment
3144:	1FD1  C63D    	        ADD     a,3DH
3145:	1FD3  6F      	        LD      l,a
3146:	1FD4  14      	        INC     d               ; Bar counter
3147:	1FD5  CB4A    	        BIT     1,d             ; Done ?
3148:	1FD7  28E6    	        JR      Z,IP20          ; Repeat bar move
3149:	1FD9  F1      	IP2C:   POP     af              ; Restore registers
3150:	1FDA  DDE1    	        POP     ix
3151:	1FDC  D1      	        POP     de
3152:	1FDD  C1      	        POP     bc
3153:	1FDE  E1      	        POP     hl
3154:	1FDF  C9      	        RET
3155:			
3156:			;***********************************************************
3157:			; BOARD INDEX TO NORM ADDRESS SUBR.
3158:			;***********************************************************
3159:			; FUNCTION:   --  Converts a hexadecimal board index into
3160:			;                 a Norm address for the square.
3161:			;
3162:			; CALLED BY:  --  DSPBRD
3163:			;                 INSPCE
3164:			;                 ANALYS
3165:			;                 MATED
3166:			;
3167:			; CALLS:      --  DIVIDE
3168:			;                 MLTPLY
3169:			;
3170:			; ARGUMENTS:   -- Returns the Norm address in register pair
3171:			;                 HL.
3172:			;***********************************************************
3173:	1FE0  C5      	CONVRT: PUSH    bc              ; Save registers
3174:	1FE1  D5      	        PUSH    de
3175:	1FE2  F5      	        PUSH    af
3176:	1FE3  3A5919  	        LD      a,(BRDPOS)      ; Get board index
3177:	1FE6  57      	        LD      d,a             ; Set up dividend
3178:	1FE7  97      	        SUB     a
3179:	1FE8  1E0A    	        LD      e,10            ; Divisor
3180:	1FEA  CD0420  	        CALL    DIVIDE          ; Index into rank and file
3181:			                                ; file (1-8) & rank (2-9)
3182:	1FED  15      	        DEC     d               ; For rank (1-8)
3183:	1FEE  3D      	        DEC     a               ; For file (0-7)
3184:	1FEF  4A      	        LD      c,d             ; Save
3185:	1FF0  1606    	        LD      d,6             ; Multiplier
3186:	1FF2  5F      	        LD      e,a             ; File number is multiplicand
3187:	1FF3  CD1620  	        CALL    MLTPLY          ; Giving file displacement
3188:	1FF6  7A      	        LD      a,d             ; Save
3189:	1FF7  C610    	        ADD     a,10H           ; File norm address
3190:	1FF9  6F      	        LD      l,a             ; Low order address byte
3191:	1FFA  3E08    	        LD      a,8             ; Rank adjust
3192:	1FFC  91      	        SUB     c               ; Rank displacement
3193:	1FFD  C6C0    	        ADD     a,0C0H          ; Rank Norm address
3194:	1FFF  67      	        LD      h,a             ; High order addres byte
3195:	2000  F1      	        POP     af              ; Restore registers
3196:	2001  D1      	        POP     de
3197:	2002  C1      	        POP     bc
3198:	2003  C9      	        RET                     ; Return
3199:			
3200:			;***********************************************************
3201:			; POSITIVE INTEGER DIVISION
3202:			;   inputs hi=A lo=D, divide by E
3203:			;   output D, remainder in A
3204:			;***********************************************************
3205:	2004  C5      	DIVIDE: PUSH    bc
3206:	2005  0608    	        LD      b,8
3207:	2007  CB22    	DD04:   SLA     d
3208:	2009  17      	        RLA
3209:	200A  93      	        SUB     e
3210:	200B  FA1120  	        JP      M,rel027
3211:	200E  14      	        INC     d
3212:	200F  1801    	        JR      rel024
3213:	2011  83      	rel027: ADD     a,e
3214:	2012  10F3    	rel024: DJNZ    DD04
3215:	2014  C1      	        POP     bc
3216:	2015  C9      	        RET
3217:			
3218:			;***********************************************************
3219:			; POSITIVE INTEGER MULTIPLICATION
3220:			;   inputs D, E
3221:			;   output hi=A lo=D
3222:			;***********************************************************
3223:	2016  C5      	MLTPLY: PUSH    bc
3224:	2017  97      	        SUB     a
3225:	2018  0608    	        LD      b,8
3226:	201A  CB42    	ML04:   BIT     0,d
3227:	201C  2801    	        JR      Z,rel025
3228:	201E  83      	        ADD     a,e
3229:	201F  CB2F    	rel025: SRA     a
3230:	2021  CB1A    	        RR      d
3231:	2023  10F5    	        DJNZ    ML04
3232:	2025  C1      	        POP     bc
3233:	2026  C9      	        RET
3234:			
3235:			;***********************************************************
3236:			; SQUARE BLINKER
3237:			;***********************************************************
3238:			;
3239:			; FUNCTION:   --  To blink the graphics board square to signal
3240:			;                 a piece's intention to move, or to high-
3241:			;                 light the square as being alterable
3242:			;                 in ANALYS.
3243:			;
3244:			; CALLED BY:  --  MAKEMV
3245:			;                 ANALYS
3246:			;                 MATED
3247:			;
3248:			; CALLS:      --  None
3249:			;
3250:			; ARGUMENTS:  --  Norm address of desired square passed in register
3251:			;                 pair HL. Number of times to blink passed in
3252:			;                 register B.
3253:			;***********************************************************
3254:	2027  F5      	BLNKER: PUSH    af              ; Save registers
3255:	2028  C5      	        PUSH    bc
3256:	2029  D5      	        PUSH    de
3257:	202A  E5      	        PUSH    hl
3258:	202B  DDE5    	        PUSH    ix
3259:	202D  225D19  	        LD      (NORMAD),hl     ; Save Norm address
3260:	2030  1600    	BL04:   LD      d,0             ; Bar counter
3261:	2032  0E00    	BL08:   LD      c,0             ; Block counter
3262:	2034  7E      	BL0C:   LD      a,(hl)          ; Fetch block
3263:	2035  EE3F    	        XOR     3FH             ; Graphics complement
3264:	2037  77      	        LD      (hl),a          ; Replace block
3265:	2038  2C      	        INC     l               ; Next block address
3266:	2039  0C      	        INC     c               ; Increment block counter
3267:	203A  79      	        LD      a,c
3268:	203B  FE06    	        CP      6               ; Done ?
3269:	203D  20F5    	        JR      NZ,BL0C         ; No - jump
3270:	203F  7D      	        LD      a,l             ; Address
3271:	2040  C63A    	        ADD     a,3AH           ; Adjust square position
3272:	2042  6F      	        LD      l,a             ; Replace address
3273:	2043  14      	        INC     d               ; Increment bar counter
3274:	2044  CB52    	        BIT     2,d             ; Done ?
3275:	2046  28EA    	        JR      Z,BL08          ; No - jump
3276:	2048  2A5D19  	        LD      hl,(NORMAD)     ; Get Norm address
3277:	204B  C5      	        PUSH    bc              ; Save register
3278:	204C  013030  	        LD      bc,3030H        ; Delay loop, for visibility
3279:	204F  10FE    	BL10:   DJNZ    BL10
3280:	2051  0D      	        DEC     c
3281:	2052  20FB    	        JR      NZ,BL10
3282:	2054  C1      	        POP     bc              ; Restore register
3283:	2055  10D9    	        DJNZ    BL04            ; Done ? No - jump
3284:	2057  DDE1    	        POP     ix              ; Restore registers
3285:	2059  E1      	        POP     hl
3286:	205A  D1      	        POP     de
3287:	205B  C1      	        POP     bc
3288:	205C  F1      	        POP     af
3289:	205D  C9      	        RET                     ; Return
3290:			
3291:			;***********************************************************
3292:			; EXECUTE MOVE SUBROUTINE
3293:			;***********************************************************
3294:			; FUNCTION:   --  This routine is the control routine for
3295:			;                 MAKEMV. It checks for double moves and
3296:			;                 sees that they are properly handled. It
3297:			;                 sets flags in the B register for double
3298:			;                 moves:
3299:			;                       En Passant -- Bit 0
3300:			;                       O-O        -- Bit 1
3301:			;                       O-O-O      -- Bit 2
3302:			;
3303:			; CALLED BY:   -- PLYRMV
3304:			;                 CPTRMV
3305:			;
3306:			; CALLS:       -- MAKEMV
3307:			;
3308:			; ARGUMENTS:   -- Flags set in the B register as described
3309:			;                 above.
3310:			;***********************************************************
3311:	205E  DDE5    	EXECMV: PUSH    ix              ; Save registers
3312:	2060  F5      	        PUSH    af
3313:	2061  DD2A1600	        LD      ix,(MLPTRJ)     ; Index into move list
3314:	2065  DD4E02  	        LD      c,(ix+MLFRP)    ; Move list "from" position
3315:	2068  DD5E03  	        LD      e,(ix+MLTOP)    ; Move list "to" position
3316:	206B  CDA220  	        CALL    MAKEMV          ; Produce move
3317:	206E  DD5604  	        LD      d,(ix+MLFLG)    ; Move list flags
3318:	2071  0600    	        LD      b,0
3319:	2073  CB72    	        BIT     6,d             ; Double move ?
3320:	2075  2827    	        JR      Z,EX14          ; No - jump
3321:	2077  110600  	        LD      de,6            ; Move list entry width
3322:	207A  DD19    	        ADD     ix,de           ; Increment MLPTRJ
3323:	207C  DD4E02  	        LD      c,(ix+MLFRP)    ; Second "from" position
3324:	207F  DD5E03  	        LD      e,(ix+MLTOP)    ; Second "to" position
3325:	2082  7B      	        LD      a,e             ; Get "to" position
3326:	2083  B9      	        CP      c               ; Same as "from" position ?
3327:	2084  2003    	        JR      NZ,EX04         ; No - jump
3328:	2086  04      	        INC     b               ; Set en passant flag
3329:	2087  1812    	        JR      EX10            ; Jump
3330:	2089  FE1A    	EX04:   CP      1AH             ; White O-O ?
3331:	208B  2004    	        JR      NZ,EX08         ; No - jump
3332:	208D  CBC8    	        SET     1,b             ; Set O-O flag
3333:	208F  180A    	        JR      EX10            ; Jump
3334:	2091  FE60    	EX08:   CP      60H             ; Black 0-0 ?
3335:	2093  2004    	        JR      NZ,EX0C         ; No - jump
3336:	2095  CBC8    	        SET     1,b             ; Set 0-0 flag
3337:	2097  1802    	        JR      EX10            ; Jump
3338:	2099  CBD0    	EX0C:   SET     2,b             ; Set 0-0-0 flag
3339:	209B  CDA220  	EX10:   CALL    MAKEMV          ; Make 2nd move on board
3340:	209E  F1      	EX14:   POP     af              ; Restore registers
3341:	209F  DDE1    	        POP     ix
3342:	20A1  C9      	        RET                     ; Return
3343:			
3344:			;***********************************************************
3345:			; MAKE MOVE SUBROUTINE
3346:			;***********************************************************
3347:			; FUNCTION:   --  Moves the piece on the board when a move
3348:			;                 is made. It blinks both the "from" and
3349:			;                 "to" positions to give notice of the move.
3350:			;
3351:			; CALLED BY:  --  EXECMV
3352:			;
3353:			; CALLS:      --  CONVRT
3354:			;                 BLNKER
3355:			;                 INSPCE
3356:			;
3357:			; ARGUMENTS:  --  The "from" position is passed in register
3358:			;                 C, and the "to" position in register E.
3359:			;***********************************************************
3360:	20A2  F5      	MAKEMV: PUSH    af              ; Save register
3361:	20A3  C5      	        PUSH    bc
3362:	20A4  D5      	        PUSH    de
3363:	20A5  E5      	        PUSH    hl
3364:	20A6  79      	        LD      a,c             ; "From" position
3365:	20A7  325919  	        LD      (BRDPOS),a      ; Set up parameter
3366:	20AA  CDE01F  	        CALL    CONVRT          ; Getting Norm address in HL
3367:	20AD  060A    	        LD      b,10            ; Blink parameter
3368:	20AF  CD2720  	        CALL    BLNKER          ; Blink "from" square
3369:	20B2  7E      	        LD      a,(hl)          ; Bring in Norm 1plock
3370:	20B3  2C      	        INC     l               ; First change block
3371:	20B4  1600    	        LD      d,0             ; Bar counter
3372:	20B6  0604    	MM04:   LD      b,4             ; Block counter
3373:	20B8  77      	MM08:   LD      (hl),a          ; Insert blank block
3374:	20B9  2C      	        INC     l               ; Next change block
3375:	20BA  10FC    	        DJNZ    MM08            ; Done ? No - jump
3376:	20BC  4F      	        LD      c,a             ; Saving norm block
3377:	20BD  7D      	        LD      a,l             ; Bar increment
3378:	20BE  C63C    	        ADD     a,3CH
3379:	20C0  6F      	        LD      l,a
3380:	20C1  79      	        LD      a,c             ; Restore Norm block
3381:	20C2  14      	        INC     d
3382:	20C3  CB52    	        BIT     2,d             ; Done ?
3383:	20C5  28EF    	        JR      Z,MM04          ; No - jump
3384:	20C7  7B      	        LD      a,e             ; Get "to" position
3385:	20C8  325919  	        LD      (BRDPOS),a      ; Set up parameter
3386:	20CB  CDE01F  	        CALL    CONVRT          ; Getting Norm address in HL
3387:	20CE  060A    	        LD      b,10            ; Blink parameter
3388:	20D0  CD471F  	        CALL    INSPCE          ; Inserts the piece
3389:	20D3  CD2720  	        CALL    BLNKER          ; Blinks "to" square
3390:	20D6  E1      	        POP     hl              ; Restore registers
3391:	20D7  D1      	        POP     de
3392:	20D8  C1      	        POP     bc
3393:	20D9  F1      	        POP     af
3394:	20DA  C9      	        RET                     ; Return
3395:			
3396:			



Statistics:

     4	passes
     0	jr promotions
   365	symbols
  4891	bytes

    55	macro calls
   377	macro bytes
     0	invented symbols



Symbol Table:

adjptr           c82     
admove           d10     
again           18e0     
am10             d4f     
an04            1dcd     
an08            1dd2     
an0b            1e3b     
an18            1e1f     
an19            1e25     
an1a            1e2f     
an1b            1e3e     
an1c            1e5a     
an20            1e99     
analys          1db8     
anamsg          1822     
anbdps          195a     
as19             ea5     
as20             eae     
as25             eb3     
ascend          1408     
asntbi          1cc7     
at04            1cea     
at10             dcf     
at12             de3     
at13             de8     
at14             df9     
at14a            dea     
at14b            df3     
at15             e0b     
at16             e17     
at20             e39     
at21             e40     
at25             e47     
at30             e4c     
at31             e5c     
at32             e5f     
at5              dc4     
atklst           12c     
atksav           e6f     
attack           db9     
back01           b05     
back02           f6b     
back03          1005     
back04          1084     
back05          12e7     
back06          1ea9     
bact           = 133     
bc0               31     
bestm             1a     
bishop         =   3     
bitasn          1c62     
bl04            2030     
bl08            2032     
bl0c            2034     
bl10            204f     
black          =  80     
blankr          193c     
blbase         = 200     
blnker          2027     
block          =ffffff80 
bm5             145a     
bm9             1477     
bmoves            34     
board          =ffffffb4 
boarda            b4     
book            143c     
bpawn          =  81     
brdc              2c     
brdpos          1959     
bset04          1f34     
bsetup          1f32     
ca10             cb8     
ca15             cd6     
ca20             d06     
ca5              ca0     
castle           c92     
chartr          1d43     
ckflg             29     
ckmsg           18c0     
clrmsg          1847     
color             21     
convrt          1fe0     
cp0c            1b36     
cp10            1b57     
cp1c            1b78     
cp24            1ba3     
cptrmv          1b21     
crtnes          18f6     
db04            1ef8     
db08            1eff     
dcount         =ffffff9f 
dd04            2007     
direct         =ffffff80 
divide          2004     
dpoint         =ffffff98 
dr08            1a75     
dr0c            1a8f     
dr10            1a9f     
dr14            1ab2     
driv01          1a11     
driv04          1a4c     
driver          1a00     
dspbrd          1edb     
enpsnt           c1d     
ev10            12b2     
ev5             12ac     
eval            129c     
ex04            2089     
ex08            2091     
ex0c            2099     
ex10            209b     
ex14            209e     
execmv          205e     
fcdmat          1baf     
fm04            1bd6     
fm08            1be4     
fm09            1be9     
fm0c            1bfa     
fm15            131e     
fm18            1361     
fm19            136e     
fm25            138b     
fm30            13a4     
fm35            13b8     
fm36            13c4     
fm37            13cc     
fm40            1402     
fm5             1303     
fndmov          12b6     
genmov           d56     
gm10             d8e     
gm5              d71     
grttng          1800     
ib2              b10     
in04            1ae8     
in08            1b03     
inchk            d98     
inchk1           d9b     
indx1              e     
indx2             10     
indxer          195b     
initbd           b00     
inspce          1f47     
interr          1ab9     
inval1          1944     
inval2          1950     
ip04            1f69     
ip08            1f7f     
ip0c            1f83     
ip10            1f85     
ip14            1f8e     
ip18            1fa8     
ip1c            1fac     
ip20            1fbf     
ip24            1fc1     
ip28            1fca     
ip2c            1fd9     
iwin            18db     
kernel         =fffffff0 
king           =   6     
knight         =   2     
kolor             20     
lim10           116d     
limit           1162     
linect          195f     
m1                 0     
m2                 2     
m3                 4     
m4                 6     
ma08            1d8d     
ma0c            1dac     
makemv          20a2     
mated           1d7c     
matef             2a     
ml04            201a     
mlend          = af8     
mlflg          =   4     
mlfrp          =   2     
mlist            300     
mllst             1c     
mlnxt             1e     
mlptr          =   0     
mlptri            14     
mlptrj            16     
mltop          =   3     
mltply          2016     
mlval          =   5     
mm04            20b6     
mm08            20b8     
move            1171     
moveno            26     
mp10             ba1     
mp15             bc2     
mp20             bcf     
mp25             be4     
mp26             be9     
mp30             bf9     
mp31             bfc     
mp35             c02     
mp36             c17     
mp37             c10     
mp5              b98     
mpiece           b7a     
mtmsg           18c5     
mtpl            18cd     
mtrl              30     
mv0               32     
mv1             1176     
mv10            11b6     
mv15            11b9     
mv20            11be     
mv21            11c1     
mv22            11c6     
mv30            11cd     
mv40            11d9     
mv5             1197     
mvemsg          18b1     
mvenum          1886     
nextad           ffa     
normad          195d     
npins             12     
nply              28     
nx6             100d     
o_o             18b6     
o_o_o           18bb     
p1                22     
p2                23     
p3                24     
p_pep           193f     
pa1              b74     
pa2              b77     
path             b4c     
pawn           =   1     
pc1              ec1     
pc3              ed9     
pc5              ede     
pcs             18ce     
pf1              ee9     
pf10             f42     
pf15             f4b     
pf19             f58     
pf2              f08     
pf20             f90     
pf25             fa1     
pf26             fa5     
pf27             fa9     
pf5              f15     
pgifnd          1d5d     
pieces         =ffffffac 
pinfnd           ee2     
pl08            1ca6     
plist          =  39     
plista           13a     
plistd         =  43     
plydep          1904     
plyix            15f     
plymax            27     
plyrmv          1c71     
pmate             25     
pnck             eb5     
points          100f     
posk             14e     
posq             150     
pt20            10cb     
pt23            10da     
pt25            10e9     
pt25a           1102     
pt5             1029     
pt6a            1066     
pt6aa           1057     
pt6b            106d     
pt6c            1071     
pt6d            1079     
pt6x            107e     
ptsck             33     
ptsl              2d     
ptsw1             2e     
ptsw2             2f     
pvalue         =ffffffa5 
queen          =   5     
rel001           b82     
rel002           c29     
rel003           c59     
rel004           d32     
rel005           da2     
rel006           e8b     
rel007           e96     
rel008           f85     
rel009           fbb     
rel010           ff2     
rel011          10d3     
rel012          10e4     
rel013          1109     
rel014          1119     
rel015          1123     
rel016          1155     
rel017          134a     
rel018          137d     
rel019          1417     
rel020          1b64     
rel021          1b71     
rel022          1e13     
rel023          1ec2     
rel024          2012     
rel025          201f     
rel026          1142     
rel027          2011     
rel23           1d89     
rook           =   4     
royalt          1ea4     
ry04            1eb0     
ry08            1ece     
ry0c            1ed2     
score            153     
scrix             18     
sortm           1260     
space           187c     
sr10            1272     
sr15            1280     
sr25            1292     
sr30            1298     
sr5             1267     
stack            2ff     
start              0     
t1                 8     
t2                 a     
t3                 c     
tbase          = 100     
tbcpcl          1c26     
tbcpmv          1c4e     
tbplcl          1c12     
tbplmv          1c3a     
title1          1870     
title2          1876     
title3          1889     
title4          191b     
um1             11e8     
um10            122c     
um15            1231     
um16            1236     
um20            123b     
um21            123e     
um22            1243     
um30            124a     
um40            1256     
um5             1209     
um6             120d     
unmove          11e3     
uwin            18d4     
va10            1d3c     
va5             1d0b     
va6             1d1b     
va7             1d2a     
va8             1d37     
va9             1d39     
valm              2b     
valmov          1cec     
wact           = 12c     
white          =   0     
wsmove          192b     
xc10             fd2     
xc15             fde     
xc18             fea     
xc19             fec     
xchng            fac     
